product_id,talent_id,product_type,product_name,product_price,product_img,registration_date
6bf48a11-d913-4e85-80e9-7951f6e97ede,52171236-5683-42e5-bddb-91f9fbd15cb8,type01,Tシャツ,5000,imgTshirt01.jpg,
230f48b4-49ea-4337-b317-4117bdf6351d,52171236-5683-42e5-bddb-91f9fbd15cb8,type02,タオル,2000,imgTowel01.jpg,
085d36d8-2c09-481e-adbc-ae4dff61c4a4,52171236-5683-42e5-bddb-91f9fbd15cb8,type03,DVD,3000,imgDVD01.jpg,
bccdb35d-6b4f-421d-8292-59af3e194d26,52171236-5683-42e5-bddb-91f9fbd15cb8,type04,ネクタイ,500,imgSample01.jpg,
74c3b7ba-42a8-4960-8cc9-88a48b744632,52171236-5683-42e5-bddb-91f9fbd15cb8,type05,マイク,50000,imgSampleObject01.jpg,
794d3401-1dc7-43b1-8a31-0558553d7147,1ce20b5c-44e4-40eb-b6e6-2617e37da2a8,type01,Tシャツ,5000,imgTshirt02.jpg,
bd00bbab-a07c-4fec-95c8-475cf76f3168,1ce20b5c-44e4-40eb-b6e6-2617e37da2a8,type02,タオル,2000,imgTowel02.jpg,
49c3a109-2802-499e-8d34-f9368cad029c,1ce20b5c-44e4-40eb-b6e6-2617e37da2a8,type03,DVD,3000,imgDVD02.jpg,
b03b00d8-f297-4261-bfb7-d7dccf08fc05,1ce20b5c-44e4-40eb-b6e6-2617e37da2a8,type04,ネクタイ,500,imgSample02.jpg,
60db79af-fa99-4613-bda0-07cdb48a25b2,1ce20b5c-44e4-40eb-b6e6-2617e37da2a8,type05,マイク,50000,imgSampleObject02.jpg,
dd891ff9-c29a-4567-a68e-063d332ab945,44483964-3490-4852-98ff-85dea7045195,type01,Tシャツ,5000,imgTshirt01.jpg,
8afe5eb7-3454-4d78-9a8a-6400efc16d86,44483964-3490-4852-98ff-85dea7045195,type02,タオル,2000,imgTowel01.jpg,
b040cef4-6c6e-4248-95c9-faac6d91e33f,44483964-3490-4852-98ff-85dea7045195,type03,DVD,3000,imgDVD01.jpg,
2595e003-eaa4-4d4c-bd3e-27a5ccf1c334,44483964-3490-4852-98ff-85dea7045195,type04,ネクタイ,500,imgSample01.jpg,
cfc615a1-6b3c-402f-9464-e9451a20980f,44483964-3490-4852-98ff-85dea7045195,type05,マイク,50000,imgSampleObject01.jpg,
4ef1f082-acef-4350-adf4-8ef5d92676cd,cf338bb4-d294-4b14-9906-3629cf181238,type01,Tシャツ,5000,imgTshirt02.jpg,
343d6c9e-bed5-4b33-964e-78f347b12ce6,cf338bb4-d294-4b14-9906-3629cf181238,type02,タオル,2000,imgTowel02.jpg,
1a76a2c3-ad19-4fc2-afc3-86bf37da4247,cf338bb4-d294-4b14-9906-3629cf181238,type03,DVD,3000,imgDVD02.jpg,
ef0917b1-beec-4c9f-86a6-6f66e901c96d,cf338bb4-d294-4b14-9906-3629cf181238,type04,ネクタイ,500,imgSample02.jpg,
749610ab-0bc3-4214-afe7-833d7e3b0225,cf338bb4-d294-4b14-9906-3629cf181238,type05,マイク,50000,imgSampleObject02.jpg,
922a9908-8739-4e2b-8b26-a11552f94650,b7d0f324-6dfd-4f5e-8c57-61c810ceda7d,type01,Tシャツ,5000,imgTshirt01.jpg,
4d68cf0a-1bc5-4403-8dda-5943ca587b5a,b7d0f324-6dfd-4f5e-8c57-61c810ceda7d,type02,タオル,2000,imgTowel01.jpg,
6b724902-98b9-4649-996d-a0ae0ebe3333,b7d0f324-6dfd-4f5e-8c57-61c810ceda7d,type03,DVD,3000,imgDVD01.jpg,
af99b33b-9dff-48a8-affa-af0d33e31a15,b7d0f324-6dfd-4f5e-8c57-61c810ceda7d,type04,ネクタイ,500,imgSample01.jpg,
c4b3bfee-4f2f-42f4-9213-1c41cf9c640b,b7d0f324-6dfd-4f5e-8c57-61c810ceda7d,type05,マイク,50000,imgSampleObject01.jpg,
d35999bb-a32e-41f9-abf3-13fd93b4ae49,2cc97655-6ae9-42dc-b096-6af9ea078a12,type01,Tシャツ,5000,imgTshirt02.jpg,
6442498a-e211-432a-9a01-c1272aa7b545,2cc97655-6ae9-42dc-b096-6af9ea078a12,type02,タオル,2000,imgTowel02.jpg,
b4b86a3d-15a3-4c42-8cc4-438cb9566a39,2cc97655-6ae9-42dc-b096-6af9ea078a12,type03,DVD,3000,imgDVD02.jpg,
ac41a148-f0b5-4cc2-ab17-b0359c9f7048,2cc97655-6ae9-42dc-b096-6af9ea078a12,type04,ネクタイ,500,imgSample02.jpg,
13b3e908-4859-4d50-8784-99183bbe5986,2cc97655-6ae9-42dc-b096-6af9ea078a12,type05,マイク,50000,imgSampleObject02.jpg,
648d5d52-8347-4032-81fb-cb4a0a55ae4d,d0422eb6-6c8d-4f4e-9e36-c64f2abdc345,type01,Tシャツ,5000,imgTshirt01.jpg,
5c8b28ae-c0a3-46aa-a467-b8a60e60da6a,d0422eb6-6c8d-4f4e-9e36-c64f2abdc345,type02,タオル,2000,imgTowel01.jpg,
95716d1c-df11-4095-af59-124c9e5cd1aa,d0422eb6-6c8d-4f4e-9e36-c64f2abdc345,type03,DVD,3000,imgDVD01.jpg,
9748101e-5327-4b7b-b79a-e8a944e69623,d0422eb6-6c8d-4f4e-9e36-c64f2abdc345,type04,ネクタイ,500,imgSample01.jpg,
d854eb3e-2ac5-4084-9342-78f0f5dffd77,d0422eb6-6c8d-4f4e-9e36-c64f2abdc345,type05,マイク,50000,imgSampleObject01.jpg,
e10bc043-89a4-446a-860a-14959f1824fc,22385591-ba9d-40df-a9e4-a43f27ac6df3,type01,Tシャツ,5000,imgTshirt02.jpg,
ec3a739d-a968-4ba6-aa11-c592c906e3be,22385591-ba9d-40df-a9e4-a43f27ac6df3,type02,タオル,2000,imgTowel02.jpg,
1e7811e7-4c81-428b-8273-9e104f4b72ed,22385591-ba9d-40df-a9e4-a43f27ac6df3,type03,DVD,3000,imgDVD02.jpg,
b6c000ca-f7ce-4f2f-8ad6-2f72fe52ec07,22385591-ba9d-40df-a9e4-a43f27ac6df3,type04,ネクタイ,500,imgSample02.jpg,
7556b4cb-5e33-4f2d-9e43-fbf0d0a0d404,22385591-ba9d-40df-a9e4-a43f27ac6df3,type05,マイク,50000,imgSampleObject02.jpg,
b8380641-6acf-4de4-bb49-f2c8c75f68a2,d942ab98-54c6-406b-9488-63538c981c2a,type01,Tシャツ,5000,imgTshirt01.jpg,
7571a8d7-db42-43f0-ac6b-c91cfcd7670e,d942ab98-54c6-406b-9488-63538c981c2a,type02,タオル,2000,imgTowel01.jpg,
41ad4f17-7546-4c05-b874-5fe4e5d944be,d942ab98-54c6-406b-9488-63538c981c2a,type03,DVD,3000,imgDVD01.jpg,
bf4f7490-6377-43c4-8acd-e830827adb0d,d942ab98-54c6-406b-9488-63538c981c2a,type04,ネクタイ,500,imgSample01.jpg,
daa149b0-f570-46b3-9276-98d6b498b883,d942ab98-54c6-406b-9488-63538c981c2a,type05,マイク,50000,imgSampleObject01.jpg,
c2260818-1ee6-48cd-85d7-277b091f815b,7a85ebc1-9328-4d40-956d-5a9c6ee704ce,type01,Tシャツ,5000,imgTshirt02.jpg,
ece46038-b1ef-4169-993d-545b47e471a6,7a85ebc1-9328-4d40-956d-5a9c6ee704ce,type02,タオル,2000,imgTowel02.jpg,
42a0f857-ff62-461a-b2fb-8b1f8f59c02d,7a85ebc1-9328-4d40-956d-5a9c6ee704ce,type03,DVD,3000,imgDVD02.jpg,
a78f2a7c-1042-4326-a11e-6ce785f4278a,7a85ebc1-9328-4d40-956d-5a9c6ee704ce,type04,ネクタイ,500,imgSample02.jpg,
81692889-1202-4deb-88e9-c6140a218a8c,7a85ebc1-9328-4d40-956d-5a9c6ee704ce,type05,マイク,50000,imgSampleObject02.jpg,
33947dba-6fb8-4abf-b946-73205953a444,25500ea9-1cd9-475d-a5b2-36e6d8bb5c60,type01,Tシャツ,5000,imgTshirt01.jpg,
21955cc7-909f-4b79-941d-0a4586aa9f81,25500ea9-1cd9-475d-a5b2-36e6d8bb5c60,type02,タオル,2000,imgTowel01.jpg,
95cf8629-f919-47a6-a77b-f0d6eb408907,25500ea9-1cd9-475d-a5b2-36e6d8bb5c60,type03,DVD,3000,imgDVD01.jpg,
e74e9ba6-9715-47cf-9309-1bc836fadc98,25500ea9-1cd9-475d-a5b2-36e6d8bb5c60,type04,ネクタイ,500,imgSample01.jpg,
1a963498-b3df-4a5c-b7f1-f2a7d537bdb7,25500ea9-1cd9-475d-a5b2-36e6d8bb5c60,type05,マイク,50000,imgSampleObject01.jpg,
ff8ca114-5c64-4af9-b8fe-f1db2537bb73,7df3b19a-841e-4231-a816-01dd1e94142d,type01,Tシャツ,5000,imgTshirt02.jpg,
278280d2-31ea-402b-a2dc-3dc2e24ef9d7,7df3b19a-841e-4231-a816-01dd1e94142d,type02,タオル,2000,imgTowel02.jpg,
d7915100-4b78-4d4b-894d-6acc66b8575b,7df3b19a-841e-4231-a816-01dd1e94142d,type03,DVD,3000,imgDVD02.jpg,
c0f480c4-0390-47e1-a53e-6bf2e0717b1a,7df3b19a-841e-4231-a816-01dd1e94142d,type04,ネクタイ,500,imgSample02.jpg,
37a6fab4-c9db-4cc8-91f4-879c447ff243,7df3b19a-841e-4231-a816-01dd1e94142d,type05,マイク,50000,imgSampleObject02.jpg,
dc3ca14d-14dc-4bf3-b4fd-464f895eed6a,67123811-f962-4b99-b7c8-167c5eda1eef,type01,Tシャツ,5000,imgTshirt01.jpg,
865c4f1b-b3d7-460e-bd5e-1475559549bd,67123811-f962-4b99-b7c8-167c5eda1eef,type02,タオル,2000,imgTowel01.jpg,
2d4e33a2-db23-4516-a31f-9c7dc2d30178,67123811-f962-4b99-b7c8-167c5eda1eef,type03,DVD,3000,imgDVD01.jpg,
c503eb33-1a28-49ef-9b50-ec71845dca31,67123811-f962-4b99-b7c8-167c5eda1eef,type04,ネクタイ,500,imgSample01.jpg,
b10484b9-e30e-4bb3-bab4-807e49426d0d,67123811-f962-4b99-b7c8-167c5eda1eef,type05,マイク,50000,imgSampleObject01.jpg,
fa5dc2d6-dd35-434e-99b0-0cd44a6b7c0c,7576515a-1263-4e7a-ada5-eef3c2f6af39,type01,Tシャツ,5000,imgTshirt02.jpg,
ec9d66b9-fafe-4675-a8bc-76ca533d23b6,7576515a-1263-4e7a-ada5-eef3c2f6af39,type02,タオル,2000,imgTowel02.jpg,
8b074fa1-40af-4949-a85b-21a2c8471114,7576515a-1263-4e7a-ada5-eef3c2f6af39,type03,DVD,3000,imgDVD02.jpg,
22aa098a-c097-4525-ab2c-a4a2e21d5d89,7576515a-1263-4e7a-ada5-eef3c2f6af39,type04,ネクタイ,500,imgSample02.jpg,
6425d5ef-4cfd-4a27-b1bb-1700cec7035d,7576515a-1263-4e7a-ada5-eef3c2f6af39,type05,マイク,50000,imgSampleObject02.jpg,
db9ef231-095d-4f3b-a87c-a728f87599fc,3c9a12cc-5b06-4cff-93d7-adffb9153703,type01,Tシャツ,5000,imgTshirt01.jpg,
42b90a86-d455-48e6-ae15-a218ad49ff6d,3c9a12cc-5b06-4cff-93d7-adffb9153703,type02,タオル,2000,imgTowel01.jpg,
ca42ddb9-934f-4298-8309-2ec7a46994ce,3c9a12cc-5b06-4cff-93d7-adffb9153703,type03,DVD,3000,imgDVD01.jpg,
bc803f8f-b180-49ff-b9a0-7ed9cbaefe82,3c9a12cc-5b06-4cff-93d7-adffb9153703,type04,ネクタイ,500,imgSample01.jpg,
9ccfcc1e-c03a-4540-b9b1-533ebbc75184,3c9a12cc-5b06-4cff-93d7-adffb9153703,type05,マイク,50000,imgSampleObject01.jpg,
a7c3b0f5-5854-42c5-9bfe-ea09e39141f2,0134e0f6-d6fe-4230-b2fa-89aac7beee2e,type01,Tシャツ,5000,imgTshirt02.jpg,
8ef2b791-a53c-4f4a-b8ef-258bbce34d6a,0134e0f6-d6fe-4230-b2fa-89aac7beee2e,type02,タオル,2000,imgTowel02.jpg,
2556749b-45d6-4a08-a563-12222cd79e78,0134e0f6-d6fe-4230-b2fa-89aac7beee2e,type03,DVD,3000,imgDVD02.jpg,
5782b9de-ecb3-41ce-a742-1c72c9966e6e,0134e0f6-d6fe-4230-b2fa-89aac7beee2e,type04,ネクタイ,500,imgSample02.jpg,
1eff121b-30db-4c8f-b054-fa2d45be8c1c,0134e0f6-d6fe-4230-b2fa-89aac7beee2e,type05,マイク,50000,imgSampleObject02.jpg,
a7e3d2d8-fdb4-4b3f-bc9c-c098c3586afc,9f56adc3-0766-482b-8247-b8ebbae63d24,type01,Tシャツ,5000,imgTshirt01.jpg,
7c7d24dd-75bb-4c3e-a7e1-e76df4fe8033,9f56adc3-0766-482b-8247-b8ebbae63d24,type02,タオル,2000,imgTowel01.jpg,
0fc05e59-339c-4f15-a616-108d5fa79eb7,9f56adc3-0766-482b-8247-b8ebbae63d24,type03,DVD,3000,imgDVD01.jpg,
2910ddc7-3d16-4e9b-b946-a121513861eb,9f56adc3-0766-482b-8247-b8ebbae63d24,type04,ネクタイ,500,imgSample01.jpg,
a329a7f8-38cf-430a-adf1-2a9f9a2d9586,9f56adc3-0766-482b-8247-b8ebbae63d24,type05,マイク,50000,imgSampleObject01.jpg,
16b3fcc1-8db7-480c-ac7c-f85a45fe1c4a,0782c158-e7c5-49f9-be58-b6f7adbfe855,type01,Tシャツ,5000,imgTshirt02.jpg,
a191aaaa-4f27-4cce-9062-822fd9897350,0782c158-e7c5-49f9-be58-b6f7adbfe855,type02,タオル,2000,imgTowel02.jpg,
5a01336f-1883-43fb-bebb-f3787cd63e1f,0782c158-e7c5-49f9-be58-b6f7adbfe855,type03,DVD,3000,imgDVD02.jpg,
c0ad84dd-76d3-4e80-bfdb-8d040ae170ad,0782c158-e7c5-49f9-be58-b6f7adbfe855,type04,ネクタイ,500,imgSample02.jpg,
a7281391-d736-4b15-96bf-7a30ff49a4ec,0782c158-e7c5-49f9-be58-b6f7adbfe855,type05,マイク,50000,imgSampleObject02.jpg,
572cc280-2651-4b83-a919-378f875800d3,1928e9b7-0995-443f-9cca-cafb5feaa8d0,type01,Tシャツ,5000,imgTshirt01.jpg,
f740b0e9-aeb1-4005-b736-391ee9e4afcc,1928e9b7-0995-443f-9cca-cafb5feaa8d0,type02,タオル,2000,imgTowel01.jpg,
820e99c3-5365-44e1-b475-38f990740c74,1928e9b7-0995-443f-9cca-cafb5feaa8d0,type03,DVD,3000,imgDVD01.jpg,
0bd063a7-126e-483b-8c02-aebc4638666e,1928e9b7-0995-443f-9cca-cafb5feaa8d0,type04,ネクタイ,500,imgSample01.jpg,
3c81050b-5695-403c-ad37-69e3261324b9,1928e9b7-0995-443f-9cca-cafb5feaa8d0,type05,マイク,50000,imgSampleObject01.jpg,
727223f0-2ff4-4a1e-b458-058e64d86311,b993bba1-5a0c-4015-89f6-8df343826518,type01,Tシャツ,5000,imgTshirt02.jpg,
e5db89ae-f013-40b6-ae18-0bd4eb1e6b3d,b993bba1-5a0c-4015-89f6-8df343826518,type02,タオル,2000,imgTowel02.jpg,
2e7144fd-437f-4322-a1b2-c1f836351514,b993bba1-5a0c-4015-89f6-8df343826518,type03,DVD,3000,imgDVD02.jpg,
ef64c76f-be9d-43da-844e-6cf9546eb4f1,b993bba1-5a0c-4015-89f6-8df343826518,type04,ネクタイ,500,imgSample02.jpg,
441696db-6b09-434e-aaf4-d564f3a2d66d,b993bba1-5a0c-4015-89f6-8df343826518,type05,マイク,50000,imgSampleObject02.jpg,
dd5c746c-d43e-4fb6-b565-1f741e289632,bddb2d01-c84e-43ba-918c-7ed47345d1c2,type01,Tシャツ,5000,imgTshirt01.jpg,
1ae2d2ec-b086-4595-a080-efeb4aa76105,bddb2d01-c84e-43ba-918c-7ed47345d1c2,type02,タオル,2000,imgTowel01.jpg,
fa501585-5562-47d3-bbd2-c9c040479872,bddb2d01-c84e-43ba-918c-7ed47345d1c2,type03,DVD,3000,imgDVD01.jpg,
176d92be-2f55-45b0-982a-38b4423ad6bc,bddb2d01-c84e-43ba-918c-7ed47345d1c2,type04,ネクタイ,500,imgSample01.jpg,
a2ed7fe4-272b-402c-861e-5b47d5a32d74,bddb2d01-c84e-43ba-918c-7ed47345d1c2,type05,マイク,50000,imgSampleObject01.jpg,
40fa7590-a2b8-45d5-ae76-784946c9de16,27fef1fb-7d37-4a71-9d77-65719d7e79eb,type01,Tシャツ,5000,imgTshirt02.jpg,
cf53a5bd-2f12-4a69-bcc4-b0dec22674f2,27fef1fb-7d37-4a71-9d77-65719d7e79eb,type02,タオル,2000,imgTowel02.jpg,
fd5c7daf-86e5-4461-9e93-73ca840bfe48,27fef1fb-7d37-4a71-9d77-65719d7e79eb,type03,DVD,3000,imgDVD02.jpg,
9d9807e2-65b9-4870-b4a4-22c2b1033431,27fef1fb-7d37-4a71-9d77-65719d7e79eb,type04,ネクタイ,500,imgSample02.jpg,
55fccfac-0dc1-446f-9bf3-b1a33b7b0ab3,27fef1fb-7d37-4a71-9d77-65719d7e79eb,type05,マイク,50000,imgSampleObject02.jpg,
ec33c8cb-d4d0-4d0d-a711-4323c0251b2e,6fa7a37e-99c0-44fb-aaed-a9d7891b32e6,type01,Tシャツ,5000,imgTshirt01.jpg,
b88c68cc-f1f4-4866-a7bf-681681c4564b,6fa7a37e-99c0-44fb-aaed-a9d7891b32e6,type02,タオル,2000,imgTowel01.jpg,
412f0fe1-77ab-4090-8dfc-23431173bfba,6fa7a37e-99c0-44fb-aaed-a9d7891b32e6,type03,DVD,3000,imgDVD01.jpg,
462913ef-2d83-45f5-bcba-68e96944857c,6fa7a37e-99c0-44fb-aaed-a9d7891b32e6,type04,ネクタイ,500,imgSample01.jpg,
de21dc25-a1f6-4285-9796-e3d5f17613ea,6fa7a37e-99c0-44fb-aaed-a9d7891b32e6,type05,マイク,50000,imgSampleObject01.jpg,
5040b421-a4b0-4cff-b018-98db860878ac,d1f53807-8882-4865-a5fb-87cfa2fc2fab,type01,Tシャツ,5000,imgTshirt02.jpg,
b525cf4f-7e5f-4576-93a1-a4c3e9052888,d1f53807-8882-4865-a5fb-87cfa2fc2fab,type02,タオル,2000,imgTowel02.jpg,
b5a6da07-317a-4446-8ef2-cfda9bfa3c49,d1f53807-8882-4865-a5fb-87cfa2fc2fab,type03,DVD,3000,imgDVD02.jpg,
67b496dc-9eba-47a3-a088-98051c43729e,d1f53807-8882-4865-a5fb-87cfa2fc2fab,type04,ネクタイ,500,imgSample02.jpg,
3fc3d51f-5967-4707-8b14-c5a80e89f88b,d1f53807-8882-4865-a5fb-87cfa2fc2fab,type05,マイク,50000,imgSampleObject02.jpg,
eb70245d-23e9-45d2-a1a0-f8e2281e47e5,048b6468-2ff8-4703-9102-59aaacdfeb74,type01,Tシャツ,5000,imgTshirt01.jpg,
52411d16-0688-41af-bf81-82fdd6db3483,048b6468-2ff8-4703-9102-59aaacdfeb74,type02,タオル,2000,imgTowel01.jpg,
d326db49-3a1a-482d-b4b8-15b4da8b4026,048b6468-2ff8-4703-9102-59aaacdfeb74,type03,DVD,3000,imgDVD01.jpg,
c3f69754-eaac-4936-8675-5128206269e3,048b6468-2ff8-4703-9102-59aaacdfeb74,type04,ネクタイ,500,imgSample01.jpg,
29cda34d-9eb6-44a4-97d3-5b460ea6a497,048b6468-2ff8-4703-9102-59aaacdfeb74,type05,マイク,50000,imgSampleObject01.jpg,
3496677d-481c-43b6-aa9e-136a1ab935cc,08f89e91-7aff-40ab-b947-62508aa9e080,type01,Tシャツ,5000,imgTshirt02.jpg,
da2c66cf-fb46-46b7-ada4-1b8440867453,08f89e91-7aff-40ab-b947-62508aa9e080,type02,タオル,2000,imgTowel02.jpg,
ba342e7b-d31d-4fc8-b79c-0d0c3bd7efaa,08f89e91-7aff-40ab-b947-62508aa9e080,type03,DVD,3000,imgDVD02.jpg,
62616d79-b7a1-49f3-afe1-b56eaf6c38e6,08f89e91-7aff-40ab-b947-62508aa9e080,type04,ネクタイ,500,imgSample02.jpg,
8f32fad7-212c-41ea-b65e-d81c34041eee,08f89e91-7aff-40ab-b947-62508aa9e080,type05,マイク,50000,imgSampleObject02.jpg,
1a22dd7c-c117-42b5-ab83-92f0f0a10017,4d5160c8-8352-41a5-b945-626beb2a26e1,type01,Tシャツ,5000,imgTshirt01.jpg,
39292957-6725-4a1a-bebf-6e6858183227,4d5160c8-8352-41a5-b945-626beb2a26e1,type02,タオル,2000,imgTowel01.jpg,
d4436c7e-e1a6-4e9b-b645-4b5a5095fce8,4d5160c8-8352-41a5-b945-626beb2a26e1,type03,DVD,3000,imgDVD01.jpg,
baf552e2-ea4c-4d10-bde7-fdeadff7fb3b,4d5160c8-8352-41a5-b945-626beb2a26e1,type04,ネクタイ,500,imgSample01.jpg,
6c70d16b-152b-434b-8231-512041e4addf,4d5160c8-8352-41a5-b945-626beb2a26e1,type05,マイク,50000,imgSampleObject01.jpg,
572d98ab-7fc4-4909-9c8d-02c595703a9b,9f8ce337-8235-439c-991b-85398887d3ba,type01,Tシャツ,5000,imgTshirt02.jpg,
2961ed4a-2ddd-4b4a-8ccc-f16c1a06e906,9f8ce337-8235-439c-991b-85398887d3ba,type02,タオル,2000,imgTowel02.jpg,
d13caa31-542f-4b72-a8bc-906b2f9e51dc,9f8ce337-8235-439c-991b-85398887d3ba,type03,DVD,3000,imgDVD02.jpg,
39393282-dfca-4551-8d19-fc1a5e62116c,9f8ce337-8235-439c-991b-85398887d3ba,type04,ネクタイ,500,imgSample02.jpg,
33ea3f90-6cbe-49ec-a077-c8c7a341182f,9f8ce337-8235-439c-991b-85398887d3ba,type05,マイク,50000,imgSampleObject02.jpg,
764135e9-411c-414f-bbfb-598039a8eb37,5a28b5a3-fb1c-41ad-a3bd-334eb9bb3cd3,type01,Tシャツ,5000,imgTshirt01.jpg,
032b8a53-b260-4c35-8de5-c21f3ec978ae,5a28b5a3-fb1c-41ad-a3bd-334eb9bb3cd3,type02,タオル,2000,imgTowel01.jpg,
89ab3275-036b-46f2-a06b-37bbb9964264,5a28b5a3-fb1c-41ad-a3bd-334eb9bb3cd3,type03,DVD,3000,imgDVD01.jpg,
7e7f6732-7b6e-4a6e-acaa-0c3d593ac816,5a28b5a3-fb1c-41ad-a3bd-334eb9bb3cd3,type04,ネクタイ,500,imgSample01.jpg,
8eedb045-43b8-44ea-a3ca-b08d89a927e0,5a28b5a3-fb1c-41ad-a3bd-334eb9bb3cd3,type05,マイク,50000,imgSampleObject01.jpg,
fc3d9338-13de-455d-8791-d9cb12208201,6a2df81e-6a81-411e-840a-e4a421c885eb,type01,Tシャツ,5000,imgTshirt02.jpg,
97f53e7d-4aa5-4243-9ae5-45f525745baf,6a2df81e-6a81-411e-840a-e4a421c885eb,type02,タオル,2000,imgTowel02.jpg,
c35cae71-f5be-41cf-b169-d857b62cd25b,6a2df81e-6a81-411e-840a-e4a421c885eb,type03,DVD,3000,imgDVD02.jpg,
a2f4c50d-c26c-4cca-941f-330831fa90af,6a2df81e-6a81-411e-840a-e4a421c885eb,type04,ネクタイ,500,imgSample02.jpg,
c8d955b1-0685-481c-8e80-0075c1a2641b,6a2df81e-6a81-411e-840a-e4a421c885eb,type05,マイク,50000,imgSampleObject02.jpg,
6d94b189-fa81-40d0-9cb7-6518387ab258,82ee15ff-e28c-41ff-b196-9acfa09b2a74,type01,Tシャツ,5000,imgTshirt01.jpg,
b230fa9f-a523-491f-aa66-d618fbd748b0,82ee15ff-e28c-41ff-b196-9acfa09b2a74,type02,タオル,2000,imgTowel01.jpg,
14c86f4d-29c9-429b-9ce0-a407901958e7,82ee15ff-e28c-41ff-b196-9acfa09b2a74,type03,DVD,3000,imgDVD01.jpg,
9e27f956-788a-40d4-bb43-508b08f84c65,82ee15ff-e28c-41ff-b196-9acfa09b2a74,type04,ネクタイ,500,imgSample01.jpg,
cb973ad8-9ef0-40aa-a4e5-b5f73b6ef8d6,82ee15ff-e28c-41ff-b196-9acfa09b2a74,type05,マイク,50000,imgSampleObject01.jpg,
32f77c1f-956e-496b-8bd5-b789dd4b55d2,d9eed6e8-42d1-4d16-b617-a57314ec29fc,type01,Tシャツ,5000,imgTshirt02.jpg,
8748b79f-76a6-4eb5-a313-aed3aa78002a,d9eed6e8-42d1-4d16-b617-a57314ec29fc,type02,タオル,2000,imgTowel02.jpg,
71f1c28e-379e-4520-a114-c85c661fa234,d9eed6e8-42d1-4d16-b617-a57314ec29fc,type03,DVD,3000,imgDVD02.jpg,
5cf3b0f9-10ca-4daa-9102-0d471d795a31,d9eed6e8-42d1-4d16-b617-a57314ec29fc,type04,ネクタイ,500,imgSample02.jpg,
16e7d984-ce99-40db-82d1-6659e6d4a5d3,d9eed6e8-42d1-4d16-b617-a57314ec29fc,type05,マイク,50000,imgSampleObject02.jpg,
8d3c8aa5-92bd-49ce-baea-65fc5f2cb566,61a89871-1a9a-48ae-bd20-237e172de7e6,type01,Tシャツ,5000,imgTshirt01.jpg,
ae42dbab-68bd-45c3-b8ef-469e461e1712,61a89871-1a9a-48ae-bd20-237e172de7e6,type02,タオル,2000,imgTowel01.jpg,
ceb3033a-8d6f-4047-b7b7-bc4619cbb556,61a89871-1a9a-48ae-bd20-237e172de7e6,type03,DVD,3000,imgDVD01.jpg,
04018d16-a24f-4d86-ad43-4203e9e2d446,61a89871-1a9a-48ae-bd20-237e172de7e6,type04,ネクタイ,500,imgSample01.jpg,
6d3bb561-fddc-4ab2-83b9-7a441e6810d3,61a89871-1a9a-48ae-bd20-237e172de7e6,type05,マイク,50000,imgSampleObject01.jpg,
51c12227-9a90-4d1d-8dba-f675a68320a0,e2d15e7c-fbcb-4ed6-a9fb-3558e616ea7a,type01,Tシャツ,5000,imgTshirt02.jpg,
c2b11e6e-8477-4db6-af4c-970e1dc2cc47,e2d15e7c-fbcb-4ed6-a9fb-3558e616ea7a,type02,タオル,2000,imgTowel02.jpg,
43f6280d-1a99-4859-acaa-13ce215d9349,e2d15e7c-fbcb-4ed6-a9fb-3558e616ea7a,type03,DVD,3000,imgDVD02.jpg,
1c18d148-d77e-470e-ace0-f16c253c712a,e2d15e7c-fbcb-4ed6-a9fb-3558e616ea7a,type04,ネクタイ,500,imgSample02.jpg,
5e428621-907f-41d8-a29f-0b26e12907d7,e2d15e7c-fbcb-4ed6-a9fb-3558e616ea7a,type05,マイク,50000,imgSampleObject02.jpg,
61953869-e1ae-4ed6-aec9-a0b91f87cd86,2723e5d1-3e75-4eb1-9e1b-abce17313e62,type01,Tシャツ,5000,imgTshirt01.jpg,
36d831a8-2928-4ea1-bdef-e82a6492449e,2723e5d1-3e75-4eb1-9e1b-abce17313e62,type02,タオル,2000,imgTowel01.jpg,
605e8b3d-14c2-4357-a4b4-9f6443aaeac3,2723e5d1-3e75-4eb1-9e1b-abce17313e62,type03,DVD,3000,imgDVD01.jpg,
49926fa2-f3f4-4814-aeb2-1df8271b8601,2723e5d1-3e75-4eb1-9e1b-abce17313e62,type04,ネクタイ,500,imgSample01.jpg,
6907d611-c097-424c-bd0e-3774f79a8386,2723e5d1-3e75-4eb1-9e1b-abce17313e62,type05,マイク,50000,imgSampleObject01.jpg,
5805dbcb-ae37-48c8-a572-bcdc7f07eaf2,c8333467-a6e1-421c-9001-180ba0a12f93,type01,Tシャツ,5000,imgTshirt02.jpg,
2a74ab18-002d-46e9-87f1-dc4fa4abc7f4,c8333467-a6e1-421c-9001-180ba0a12f93,type02,タオル,2000,imgTowel02.jpg,
f3dc1165-cf5d-4064-8155-c75603f8f07e,c8333467-a6e1-421c-9001-180ba0a12f93,type03,DVD,3000,imgDVD02.jpg,
d33cf8c6-97f9-43b9-abfd-21b600d13d62,c8333467-a6e1-421c-9001-180ba0a12f93,type04,ネクタイ,500,imgSample02.jpg,
203db847-db98-4948-ac7f-6366e45189ef,c8333467-a6e1-421c-9001-180ba0a12f93,type05,マイク,50000,imgSampleObject02.jpg,
2732c97b-0e2d-4163-be5d-05ab1488eee4,c71b8da3-6eb4-44c6-b477-a7c6b86211f2,type01,Tシャツ,5000,imgTshirt01.jpg,
d23c5e45-671b-4201-a3d9-7719495eba90,c71b8da3-6eb4-44c6-b477-a7c6b86211f2,type02,タオル,2000,imgTowel01.jpg,
7990c495-b73f-4143-8865-8db46374d356,c71b8da3-6eb4-44c6-b477-a7c6b86211f2,type03,DVD,3000,imgDVD01.jpg,
97701272-ea3c-4949-ad60-7d5207a452ee,c71b8da3-6eb4-44c6-b477-a7c6b86211f2,type04,ネクタイ,500,imgSample01.jpg,
c724d8a5-4ba5-4077-bd8d-4769baebbc5b,c71b8da3-6eb4-44c6-b477-a7c6b86211f2,type05,マイク,50000,imgSampleObject01.jpg,
8934e141-568b-4291-9aaa-3e2aca2d74ed,a8e3732e-7e0c-43aa-927f-14649a6ad82d,type01,Tシャツ,5000,imgTshirt02.jpg,
e98ca7a0-54e4-4450-986c-5c543995a390,a8e3732e-7e0c-43aa-927f-14649a6ad82d,type02,タオル,2000,imgTowel02.jpg,
9058117d-3a90-4309-b21a-68dbb89abbe9,a8e3732e-7e0c-43aa-927f-14649a6ad82d,type03,DVD,3000,imgDVD02.jpg,
f44aebbe-fe30-4169-bdf4-33af39ba7d99,a8e3732e-7e0c-43aa-927f-14649a6ad82d,type04,ネクタイ,500,imgSample02.jpg,
57a7cc23-f4c7-4f45-af60-e86391ed44dd,a8e3732e-7e0c-43aa-927f-14649a6ad82d,type05,マイク,50000,imgSampleObject02.jpg,
cd7c9dd1-f503-4088-8d2b-c47a1cafcb68,d7179140-42e0-4f3d-9a27-32c768f23ca0,type01,Tシャツ,5000,imgTshirt01.jpg,
10b365ee-60ac-44c5-80fa-646d7f466906,d7179140-42e0-4f3d-9a27-32c768f23ca0,type02,タオル,2000,imgTowel01.jpg,
d7deb71e-dd5f-457e-8557-903a758a14a2,d7179140-42e0-4f3d-9a27-32c768f23ca0,type03,DVD,3000,imgDVD01.jpg,
f5ddae27-ac8b-4d7e-8c13-2317fbe562b3,d7179140-42e0-4f3d-9a27-32c768f23ca0,type04,ネクタイ,500,imgSample01.jpg,
b8d519da-01fb-4973-9e5b-e45d7c4e06f2,d7179140-42e0-4f3d-9a27-32c768f23ca0,type05,マイク,50000,imgSampleObject01.jpg,
46df4d9f-9636-420d-8619-b8a397e008b0,2b01ab28-c52b-489d-8983-38f83c880258,type01,Tシャツ,5000,imgTshirt02.jpg,
421afacd-8c2f-4e04-9091-caab8c1ab5de,2b01ab28-c52b-489d-8983-38f83c880258,type02,タオル,2000,imgTowel02.jpg,
a246e640-f69b-495c-89f5-9914ad997d00,2b01ab28-c52b-489d-8983-38f83c880258,type03,DVD,3000,imgDVD02.jpg,
65b4f78c-00d0-46ee-9573-48cb8a65ae22,2b01ab28-c52b-489d-8983-38f83c880258,type04,ネクタイ,500,imgSample02.jpg,
a7d8e06d-565e-4c41-8805-0a2941dc3ab1,2b01ab28-c52b-489d-8983-38f83c880258,type05,マイク,50000,imgSampleObject02.jpg,
de81c512-2863-4a64-bf33-99b886925758,feee2f5c-81f7-4cd8-ac23-56ef0323a4a3,type01,Tシャツ,5000,imgTshirt01.jpg,
32dfccec-6315-4c40-8197-cd5c3a5e6456,feee2f5c-81f7-4cd8-ac23-56ef0323a4a3,type02,タオル,2000,imgTowel01.jpg,
4b33c37d-b3f4-4693-bb8c-8b8b36dc06f7,feee2f5c-81f7-4cd8-ac23-56ef0323a4a3,type03,DVD,3000,imgDVD01.jpg,
c81e2b55-ce6f-4d57-ba1b-3bc59d1a0a17,feee2f5c-81f7-4cd8-ac23-56ef0323a4a3,type04,ネクタイ,500,imgSample01.jpg,
b721943e-3f70-4a43-a3c4-203f2309d480,feee2f5c-81f7-4cd8-ac23-56ef0323a4a3,type05,マイク,50000,imgSampleObject01.jpg,
e87787e3-ed33-4b3c-b9b4-f0d859005853,3e57b64c-7d77-4048-9358-7cbafc5cb29b,type01,Tシャツ,5000,imgTshirt02.jpg,
eef02cdd-e240-4f91-ab06-aa7f616a8b49,3e57b64c-7d77-4048-9358-7cbafc5cb29b,type02,タオル,2000,imgTowel02.jpg,
64252f8c-9fd8-42cd-b550-8a609f7c4946,3e57b64c-7d77-4048-9358-7cbafc5cb29b,type03,DVD,3000,imgDVD02.jpg,
92220b94-f965-474e-b65e-a6cdf96e230d,3e57b64c-7d77-4048-9358-7cbafc5cb29b,type04,ネクタイ,500,imgSample02.jpg,
816d3b02-4b19-4588-b6bb-589df8604de4,3e57b64c-7d77-4048-9358-7cbafc5cb29b,type05,マイク,50000,imgSampleObject02.jpg,
84ef74eb-ce5f-44ee-9aea-79ed8756ae92,59793f05-41f4-4098-8e8f-7bf8b983cece,type01,Tシャツ,5000,imgTshirt01.jpg,
2d768997-428e-4f9b-b962-83c2ef9eddf0,59793f05-41f4-4098-8e8f-7bf8b983cece,type02,タオル,2000,imgTowel01.jpg,
31ec6057-bac8-49cc-a3a6-3da80f7b6e76,59793f05-41f4-4098-8e8f-7bf8b983cece,type03,DVD,3000,imgDVD01.jpg,
c6564398-e025-45fa-ad2e-e5a411b4d3ca,59793f05-41f4-4098-8e8f-7bf8b983cece,type04,ネクタイ,500,imgSample01.jpg,
803f3cbf-6418-493a-b70b-d5f878891cfd,59793f05-41f4-4098-8e8f-7bf8b983cece,type05,マイク,50000,imgSampleObject01.jpg,
4fcca226-6d6e-4831-8173-71575bd0fb34,5b3ee84b-cab6-4dc4-b6e2-bf0508be9709,type01,Tシャツ,5000,imgTshirt02.jpg,
e855ef00-d673-40b2-9c5c-240751c3846c,5b3ee84b-cab6-4dc4-b6e2-bf0508be9709,type02,タオル,2000,imgTowel02.jpg,
f75855ee-d0d3-453d-a5a9-5539e1b3ad46,5b3ee84b-cab6-4dc4-b6e2-bf0508be9709,type03,DVD,3000,imgDVD02.jpg,
0dbc2216-64d0-4740-bcd7-af225f618220,5b3ee84b-cab6-4dc4-b6e2-bf0508be9709,type04,ネクタイ,500,imgSample02.jpg,
24037ef5-3521-40b1-a05a-8f470c78a4af,5b3ee84b-cab6-4dc4-b6e2-bf0508be9709,type05,マイク,50000,imgSampleObject02.jpg,
5f3e1ddf-34ed-44ba-8bc3-33e6f218f4ac,6c8eab15-c399-444f-b011-a2f45c88f0f0,type01,Tシャツ,5000,imgTshirt01.jpg,
f2bc3a9d-4172-4ea3-adb4-bc3f4b3c7116,6c8eab15-c399-444f-b011-a2f45c88f0f0,type02,タオル,2000,imgTowel01.jpg,
a2687b41-af84-4afb-9623-a45a14a58b66,6c8eab15-c399-444f-b011-a2f45c88f0f0,type03,DVD,3000,imgDVD01.jpg,
6dc317a4-0087-4f42-829d-9bbe7b8a28cb,6c8eab15-c399-444f-b011-a2f45c88f0f0,type04,ネクタイ,500,imgSample01.jpg,
7db148b8-fe54-49ea-a773-61452fcaa6c0,6c8eab15-c399-444f-b011-a2f45c88f0f0,type05,マイク,50000,imgSampleObject01.jpg,
42f06723-f414-4d24-846e-675f8656460f,fe54312c-c1c2-4146-a6b2-9c81104b875e,type01,Tシャツ,5000,imgTshirt02.jpg,
c0a776d0-8117-4141-b557-9d9640ef65c5,fe54312c-c1c2-4146-a6b2-9c81104b875e,type02,タオル,2000,imgTowel02.jpg,
bbdae345-bd80-4b08-aa43-b00863a37ecf,fe54312c-c1c2-4146-a6b2-9c81104b875e,type03,DVD,3000,imgDVD02.jpg,
b964f2ce-2842-4eba-b101-30a1d0b63488,fe54312c-c1c2-4146-a6b2-9c81104b875e,type04,ネクタイ,500,imgSample02.jpg,
8da09503-681e-408a-bdfa-83841667ab28,fe54312c-c1c2-4146-a6b2-9c81104b875e,type05,マイク,50000,imgSampleObject02.jpg,
93738c2a-f3a1-4af0-b833-909677b2b610,db201e06-29df-4025-a93c-c85d511004b4,type01,Tシャツ,5000,imgTshirt01.jpg,
679653fa-4eec-48ab-9d70-0d1d0e34226c,db201e06-29df-4025-a93c-c85d511004b4,type02,タオル,2000,imgTowel01.jpg,
561a5290-7601-4b79-8be8-76e098f11565,db201e06-29df-4025-a93c-c85d511004b4,type03,DVD,3000,imgDVD01.jpg,
1c1a4542-786c-4400-a2f3-eb11a4fc389c,db201e06-29df-4025-a93c-c85d511004b4,type04,ネクタイ,500,imgSample01.jpg,
4dcf0f2d-e666-4d0a-8def-023fef8ffb6a,db201e06-29df-4025-a93c-c85d511004b4,type05,マイク,50000,imgSampleObject01.jpg,
ecf9151a-ca3f-44f7-a4c3-2491daeae0cc,7d9515af-8f19-49bf-8832-3e5940c59a8e,type01,Tシャツ,5000,imgTshirt02.jpg,
e357be60-5c3f-460f-9b16-aab833dd5ea7,7d9515af-8f19-49bf-8832-3e5940c59a8e,type02,タオル,2000,imgTowel02.jpg,
6513d6d4-4f18-4f90-a3b0-b27bdccfd06d,7d9515af-8f19-49bf-8832-3e5940c59a8e,type03,DVD,3000,imgDVD02.jpg,
71faa121-0588-4a98-8846-b70a6a7c67a6,7d9515af-8f19-49bf-8832-3e5940c59a8e,type04,ネクタイ,500,imgSample02.jpg,
90191def-2d9f-4db7-9797-f27e62d1a015,7d9515af-8f19-49bf-8832-3e5940c59a8e,type05,マイク,50000,imgSampleObject02.jpg,
9cb85bc2-47c4-49b8-804d-302e2cb16d49,45b14a60-1437-4acc-ac8f-d1b24532aa81,type01,Tシャツ,5000,imgTshirt01.jpg,
007139aa-17ba-4b07-b2b4-27b06ab2c71f,45b14a60-1437-4acc-ac8f-d1b24532aa81,type02,タオル,2000,imgTowel01.jpg,
91642744-e5a8-4652-98fd-f569981bb90a,45b14a60-1437-4acc-ac8f-d1b24532aa81,type03,DVD,3000,imgDVD01.jpg,
609fac60-f924-4acf-8fa0-65fe971ec302,45b14a60-1437-4acc-ac8f-d1b24532aa81,type04,ネクタイ,500,imgSample01.jpg,
22b7777d-af73-4673-b2d5-2c3c5c848701,45b14a60-1437-4acc-ac8f-d1b24532aa81,type05,マイク,50000,imgSampleObject01.jpg,
1f4cd626-44e0-479d-be61-1f3ce307ed67,799ecb74-0758-4e4f-a7cd-8efe593b864d,type01,Tシャツ,5000,imgTshirt02.jpg,
204513c4-c30a-4437-8294-154db284d650,799ecb74-0758-4e4f-a7cd-8efe593b864d,type02,タオル,2000,imgTowel02.jpg,
5bc27bcb-7d76-4103-babe-140c8e499a9a,799ecb74-0758-4e4f-a7cd-8efe593b864d,type03,DVD,3000,imgDVD02.jpg,
1d193820-9412-4d14-8fc4-1b5d117fddf1,799ecb74-0758-4e4f-a7cd-8efe593b864d,type04,ネクタイ,500,imgSample02.jpg,
1f26c1ca-0369-4c01-b8e2-516821b993bd,799ecb74-0758-4e4f-a7cd-8efe593b864d,type05,マイク,50000,imgSampleObject02.jpg,
2b736df3-5cb9-4130-a4df-23ca7a259a79,9cd6eee0-4d38-4678-a19b-6aab7422a8f8,type01,Tシャツ,5000,imgTshirt01.jpg,
dc168eac-b2a9-406b-9a90-f312fa674f62,9cd6eee0-4d38-4678-a19b-6aab7422a8f8,type02,タオル,2000,imgTowel01.jpg,
60632221-a090-4089-a2fa-f8b7035d39d1,9cd6eee0-4d38-4678-a19b-6aab7422a8f8,type03,DVD,3000,imgDVD01.jpg,
a1134615-cd84-4082-b8f0-c1874f9c5ad9,9cd6eee0-4d38-4678-a19b-6aab7422a8f8,type04,ネクタイ,500,imgSample01.jpg,
bbe44d5f-0ab8-44d3-8ce9-a981290a09bd,9cd6eee0-4d38-4678-a19b-6aab7422a8f8,type05,マイク,50000,imgSampleObject01.jpg,
2120d622-5800-4779-bd10-fc87908b1da0,a2ca6719-948c-41e5-bd80-3a79e1636dee,type01,Tシャツ,5000,imgTshirt02.jpg,
c204b266-2943-4311-a090-8a00051b33db,a2ca6719-948c-41e5-bd80-3a79e1636dee,type02,タオル,2000,imgTowel02.jpg,
feca742b-1317-4337-8f68-06bf2918e90c,a2ca6719-948c-41e5-bd80-3a79e1636dee,type03,DVD,3000,imgDVD02.jpg,
07ae9f16-d53a-492e-8e94-1b3c46a9b0a4,a2ca6719-948c-41e5-bd80-3a79e1636dee,type04,ネクタイ,500,imgSample02.jpg,
0c3e444c-a5b3-4b6d-9cdd-662af770fc97,a2ca6719-948c-41e5-bd80-3a79e1636dee,type05,マイク,50000,imgSampleObject02.jpg,
3f12ee3f-604f-448d-ae56-453e262a7dd5,e7460009-1a14-4bc7-8c9f-2599ce10883e,type01,Tシャツ,5000,imgTshirt01.jpg,
c037f9d2-5683-4272-844d-3d95b7869b74,e7460009-1a14-4bc7-8c9f-2599ce10883e,type02,タオル,2000,imgTowel01.jpg,
20f421f8-b4fb-4eba-918c-d298c24d1f30,e7460009-1a14-4bc7-8c9f-2599ce10883e,type03,DVD,3000,imgDVD01.jpg,
e38bb22c-d332-4aca-8289-77dc43e37645,e7460009-1a14-4bc7-8c9f-2599ce10883e,type04,ネクタイ,500,imgSample01.jpg,
11fb4959-6bd0-4cdb-b0e6-ca542116f5e1,e7460009-1a14-4bc7-8c9f-2599ce10883e,type05,マイク,50000,imgSampleObject01.jpg,
8ab31891-e583-4ef6-9818-18b28c74c444,270ae985-13db-4949-b1d3-f737d1ee15ef,type01,Tシャツ,5000,imgTshirt02.jpg,
5f9990f8-bc05-49f3-98ad-b0266e75ca7a,270ae985-13db-4949-b1d3-f737d1ee15ef,type02,タオル,2000,imgTowel02.jpg,
c01f32ec-799c-4802-b01d-7e029f012493,270ae985-13db-4949-b1d3-f737d1ee15ef,type03,DVD,3000,imgDVD02.jpg,
509ff96b-342a-49ef-8dda-94d1948388e6,270ae985-13db-4949-b1d3-f737d1ee15ef,type04,ネクタイ,500,imgSample02.jpg,
0a53ec5c-fabf-42ef-9461-d3dfa8ad340e,270ae985-13db-4949-b1d3-f737d1ee15ef,type05,マイク,50000,imgSampleObject02.jpg,
7527780a-b21d-44da-9380-e09fe175361c,7d16d9da-a872-47a4-a48d-abe1acb4b678,type01,Tシャツ,5000,imgTshirt01.jpg,
1b3e193d-38b2-4097-8cc4-a4eb3c32a51c,7d16d9da-a872-47a4-a48d-abe1acb4b678,type02,タオル,2000,imgTowel01.jpg,
d955c615-fa27-484e-b3aa-a48cc836e71a,7d16d9da-a872-47a4-a48d-abe1acb4b678,type03,DVD,3000,imgDVD01.jpg,
9627bb57-2bde-4817-a42a-0d8cfe2a9c29,7d16d9da-a872-47a4-a48d-abe1acb4b678,type04,ネクタイ,500,imgSample01.jpg,
5fbef173-14a5-4a0a-8fc5-197b5eaa72e8,7d16d9da-a872-47a4-a48d-abe1acb4b678,type05,マイク,50000,imgSampleObject01.jpg,
572db4b0-7b43-44cc-8353-16eee9ff9b26,14d927ca-53ce-495c-8928-6b4ac700add1,type01,Tシャツ,5000,imgTshirt02.jpg,
b9b55746-1af6-46eb-8e99-02907339ae34,14d927ca-53ce-495c-8928-6b4ac700add1,type02,タオル,2000,imgTowel02.jpg,
998d18b1-2b51-42a0-958e-78d601a8a5b3,14d927ca-53ce-495c-8928-6b4ac700add1,type03,DVD,3000,imgDVD02.jpg,
0bb8a402-ffef-4db1-afd1-2800bd905302,14d927ca-53ce-495c-8928-6b4ac700add1,type04,ネクタイ,500,imgSample02.jpg,
04d71070-fd7f-479b-9a6c-fe76f7008fd7,14d927ca-53ce-495c-8928-6b4ac700add1,type05,マイク,50000,imgSampleObject02.jpg,
a1294cc5-0492-4f54-8d47-8de8099be23f,a59744cb-59f7-490a-bfba-cdb73904f398,type01,Tシャツ,5000,imgTshirt01.jpg,
00ede26b-c481-4e2f-8028-303b875f8d1c,a59744cb-59f7-490a-bfba-cdb73904f398,type02,タオル,2000,imgTowel01.jpg,
775b9aea-c98d-420c-ae5d-dedfcc106359,a59744cb-59f7-490a-bfba-cdb73904f398,type03,DVD,3000,imgDVD01.jpg,
0ca1a6d2-f336-478c-bb4f-4e4a388a80a2,a59744cb-59f7-490a-bfba-cdb73904f398,type04,ネクタイ,500,imgSample01.jpg,
08e73f2b-d5de-42ff-899b-fff64ea4a40e,a59744cb-59f7-490a-bfba-cdb73904f398,type05,マイク,50000,imgSampleObject01.jpg,
9bb81fd9-f4a7-41ed-b3a4-2017a0364393,423a16f8-7a22-4c53-a0cb-5026bf7a4709,type01,Tシャツ,5000,imgTshirt02.jpg,
b068b856-8618-4ef4-95c3-9dfe490c587e,423a16f8-7a22-4c53-a0cb-5026bf7a4709,type02,タオル,2000,imgTowel02.jpg,
28034899-6349-4e63-acf1-dff84c06f475,423a16f8-7a22-4c53-a0cb-5026bf7a4709,type03,DVD,3000,imgDVD02.jpg,
42748610-30f4-4261-bffe-89b22cba35f6,423a16f8-7a22-4c53-a0cb-5026bf7a4709,type04,ネクタイ,500,imgSample02.jpg,
16fd0ac7-ad05-429c-b69c-5f16dc99e6d3,423a16f8-7a22-4c53-a0cb-5026bf7a4709,type05,マイク,50000,imgSampleObject02.jpg,
b8eceb1f-0b23-47e9-bd80-5af148b8af39,3d5fe7fb-127e-4398-9c09-16416df72a31,type01,Tシャツ,5000,imgTshirt01.jpg,
bb203409-4aca-4db3-9ff9-c973fefac3cf,3d5fe7fb-127e-4398-9c09-16416df72a31,type02,タオル,2000,imgTowel01.jpg,
e8b5093b-8d78-4e4f-95d2-c557ecdedb57,3d5fe7fb-127e-4398-9c09-16416df72a31,type03,DVD,3000,imgDVD01.jpg,
84c11090-b35c-481d-8584-bf15ae14e9c2,3d5fe7fb-127e-4398-9c09-16416df72a31,type04,ネクタイ,500,imgSample01.jpg,
0b231b97-7a85-4c7a-bbc7-0b06fb11afd9,3d5fe7fb-127e-4398-9c09-16416df72a31,type05,マイク,50000,imgSampleObject01.jpg,
3aabc411-d77b-4736-9c45-6e6623c832e6,fdf941d3-db7d-4d99-92fa-68d126318924,type01,Tシャツ,5000,imgTshirt02.jpg,
d9ffbca9-e3dc-4338-98fd-e75680c1a289,fdf941d3-db7d-4d99-92fa-68d126318924,type02,タオル,2000,imgTowel02.jpg,
8ee5d382-ae9d-4eab-b072-eaa0615c6968,fdf941d3-db7d-4d99-92fa-68d126318924,type03,DVD,3000,imgDVD02.jpg,
d2433f73-9d65-446b-a649-66917f3fe4d2,fdf941d3-db7d-4d99-92fa-68d126318924,type04,ネクタイ,500,imgSample02.jpg,
49969723-2ccb-4529-94cd-19e4d93827f5,fdf941d3-db7d-4d99-92fa-68d126318924,type05,マイク,50000,imgSampleObject02.jpg,
f3ffc350-f0de-4c65-af21-64988def8ed8,5760bfd2-e727-47b1-9a26-17baceeab3f5,type01,Tシャツ,5000,imgTshirt01.jpg,
925d099c-58a3-4fd1-95f8-a0cf94035d06,5760bfd2-e727-47b1-9a26-17baceeab3f5,type02,タオル,2000,imgTowel01.jpg,
543d92cd-483e-4317-918c-a569d0af7cc0,5760bfd2-e727-47b1-9a26-17baceeab3f5,type03,DVD,3000,imgDVD01.jpg,
e73c8633-2f58-4f6a-8b12-07779aa87a8d,5760bfd2-e727-47b1-9a26-17baceeab3f5,type04,ネクタイ,500,imgSample01.jpg,
6cbabd63-6bbe-4d2f-b6f5-1bd16d5c5460,5760bfd2-e727-47b1-9a26-17baceeab3f5,type05,マイク,50000,imgSampleObject01.jpg,
c884fbe3-cbe0-4b9b-89ba-23919d314fe4,eeb82ed5-901d-4a7f-9b77-026286163fb1,type01,Tシャツ,5000,imgTshirt02.jpg,
3eeb3079-25ce-4553-8513-6a82190bb7c4,eeb82ed5-901d-4a7f-9b77-026286163fb1,type02,タオル,2000,imgTowel02.jpg,
79d3135e-5e8f-4327-8df3-46599b70001c,eeb82ed5-901d-4a7f-9b77-026286163fb1,type03,DVD,3000,imgDVD02.jpg,
0d5700b7-b4f7-4756-aded-57db087420fb,eeb82ed5-901d-4a7f-9b77-026286163fb1,type04,ネクタイ,500,imgSample02.jpg,
152b45cb-92d7-460e-9834-3df836c469a3,eeb82ed5-901d-4a7f-9b77-026286163fb1,type05,マイク,50000,imgSampleObject02.jpg,
5680fe17-751c-4072-8e99-3df49595dfe9,19ed6c42-c06a-4354-ad2a-80709fcfce19,type01,Tシャツ,5000,imgTshirt01.jpg,
8ceae47d-4888-4518-9998-f56097bf1290,19ed6c42-c06a-4354-ad2a-80709fcfce19,type02,タオル,2000,imgTowel01.jpg,
67a3a388-63f8-4807-a922-47db70c06b8b,19ed6c42-c06a-4354-ad2a-80709fcfce19,type03,DVD,3000,imgDVD01.jpg,
18ac6f61-4e73-4fb2-b971-7a332e39581f,19ed6c42-c06a-4354-ad2a-80709fcfce19,type04,ネクタイ,500,imgSample01.jpg,
4b8b7e73-bfee-40e7-94ce-a30a80776c22,19ed6c42-c06a-4354-ad2a-80709fcfce19,type05,マイク,50000,imgSampleObject01.jpg,
98c85e3f-1cfd-4acc-8688-5d409d5a0343,38e16f94-e006-4407-bd1f-2f011e0665d1,type01,Tシャツ,5000,imgTshirt02.jpg,
57919d0a-56e8-4e97-ada5-286b83c63c50,38e16f94-e006-4407-bd1f-2f011e0665d1,type02,タオル,2000,imgTowel02.jpg,
2f7e9cc5-b1bd-465c-acad-29b39e125a56,38e16f94-e006-4407-bd1f-2f011e0665d1,type03,DVD,3000,imgDVD02.jpg,
5260156f-80b8-43e3-b4b0-5c122bbffe0b,38e16f94-e006-4407-bd1f-2f011e0665d1,type04,ネクタイ,500,imgSample02.jpg,
b1e50e2d-2d31-44cd-a447-9fd98a4f3747,38e16f94-e006-4407-bd1f-2f011e0665d1,type05,マイク,50000,imgSampleObject02.jpg,
fbdcb7f8-8ef0-4b67-8475-12a7558c976d,ea04b87c-a6a5-4fdc-87f7-572a147f2787,type01,Tシャツ,5000,imgTshirt01.jpg,
beb68334-0260-4ae6-a067-7bb54bc3a69e,ea04b87c-a6a5-4fdc-87f7-572a147f2787,type02,タオル,2000,imgTowel01.jpg,
a6bc8727-565d-47d9-8a1a-8f51e0a6d792,ea04b87c-a6a5-4fdc-87f7-572a147f2787,type03,DVD,3000,imgDVD01.jpg,
cbfb0cfe-6b8d-4aea-8331-be12007254bb,ea04b87c-a6a5-4fdc-87f7-572a147f2787,type04,ネクタイ,500,imgSample01.jpg,
b392c027-9263-4d8c-83dd-2a216aff4176,ea04b87c-a6a5-4fdc-87f7-572a147f2787,type05,マイク,50000,imgSampleObject01.jpg,
6fabe280-3fb3-4c7c-bed2-cd36420c2fa5,4773e952-8d56-4608-a889-e32abfc24e04,type01,Tシャツ,5000,imgTshirt02.jpg,
6f9ed3f0-a2e5-4329-a5a9-42fedabbc3c3,4773e952-8d56-4608-a889-e32abfc24e04,type02,タオル,2000,imgTowel02.jpg,
c8e98cca-0db5-4ba1-bf07-1b849c4e436f,4773e952-8d56-4608-a889-e32abfc24e04,type03,DVD,3000,imgDVD02.jpg,
b491b06f-1072-488e-a53e-53ee8d332ee2,4773e952-8d56-4608-a889-e32abfc24e04,type04,ネクタイ,500,imgSample02.jpg,
00165687-ac02-48e9-8e84-c3f38ad3724d,4773e952-8d56-4608-a889-e32abfc24e04,type05,マイク,50000,imgSampleObject02.jpg,
a032660c-25d1-455a-b90b-9709d3f2f21e,134df7e8-b29c-4caf-abbe-8a535b0cbbb5,type01,Tシャツ,5000,imgTshirt01.jpg,
16174540-5e4c-4185-ac82-98063e578fc0,134df7e8-b29c-4caf-abbe-8a535b0cbbb5,type02,タオル,2000,imgTowel01.jpg,
373e3b95-8199-44b0-94ad-87bb915b19da,134df7e8-b29c-4caf-abbe-8a535b0cbbb5,type03,DVD,3000,imgDVD01.jpg,
494b1e51-7cd0-4e0b-baaf-f4c6ebe0948d,134df7e8-b29c-4caf-abbe-8a535b0cbbb5,type04,ネクタイ,500,imgSample01.jpg,
5ed867fd-330a-494f-8b94-971206de1642,134df7e8-b29c-4caf-abbe-8a535b0cbbb5,type05,マイク,50000,imgSampleObject01.jpg,
18721ca3-6580-47dd-b856-88cb65677c7a,ad7cb854-5f4b-45e0-96f9-8163f08a07c8,type01,Tシャツ,5000,imgTshirt02.jpg,
d155b4b7-7964-4de3-9424-07bf1750ac23,ad7cb854-5f4b-45e0-96f9-8163f08a07c8,type02,タオル,2000,imgTowel02.jpg,
1c20caf7-32c8-4db6-ae51-d1f27396b03b,ad7cb854-5f4b-45e0-96f9-8163f08a07c8,type03,DVD,3000,imgDVD02.jpg,
1905dd0e-3279-42a4-9fc4-a22ba0cf707c,ad7cb854-5f4b-45e0-96f9-8163f08a07c8,type04,ネクタイ,500,imgSample02.jpg,
2a9d906b-c669-4645-b207-42de14780124,7874cfc6-40a9-4e18-aa79-d5077a975520,type05,マイク,50000,imgSampleObject02.jpg,
26e9d59b-9d7b-46dc-831a-39fa50998058,7874cfc6-40a9-4e18-aa79-d5077a975520,type01,Tシャツ,5000,imgTshirt01.jpg,
9aec8e7d-ada4-4513-9642-fe5677fa93ba,7874cfc6-40a9-4e18-aa79-d5077a975520,type02,タオル,2000,imgTowel01.jpg,
a20120a7-0c5b-4247-9568-0758ee43cb08,7874cfc6-40a9-4e18-aa79-d5077a975520,type03,DVD,3000,imgDVD01.jpg,
e6a8d94f-312f-415b-b110-31fc5dc8d9de,7874cfc6-40a9-4e18-aa79-d5077a975520,type04,ネクタイ,500,imgSample01.jpg,
91bd7e28-bf6d-4444-9278-efd61c8ad5c2,7874cfc6-40a9-4e18-aa79-d5077a975520,type05,マイク,50000,imgSampleObject01.jpg,
6aa2fe05-ec11-47f7-9d36-85510e568e06,408f9c05-a57c-4ae7-908f-fcd2ebc4f411,type01,Tシャツ,5000,imgTshirt02.jpg,
90ee8760-1727-44e2-b623-cb3359d0dc2d,408f9c05-a57c-4ae7-908f-fcd2ebc4f411,type02,タオル,2000,imgTowel02.jpg,
7de45e0f-4eac-4b16-8083-5398e594fa5c,408f9c05-a57c-4ae7-908f-fcd2ebc4f411,type03,DVD,3000,imgDVD02.jpg,
c9449415-0305-4efc-8b74-c4916fca95d3,408f9c05-a57c-4ae7-908f-fcd2ebc4f411,type04,ネクタイ,500,imgSample02.jpg,
87d51641-7ea2-4935-b598-afeb372d8715,408f9c05-a57c-4ae7-908f-fcd2ebc4f411,type05,マイク,50000,imgSampleObject02.jpg,
c1501d01-14a8-4699-b551-c9f5e4822e83,2f396bb8-9abf-4707-b28d-c16ade6341c6,type01,Tシャツ,5000,imgTshirt01.jpg,
7e2283b2-958d-4724-91a4-5328984d93d1,2f396bb8-9abf-4707-b28d-c16ade6341c6,type02,タオル,2000,imgTowel01.jpg,
09258382-0125-4cb4-b661-c11532b9b268,2f396bb8-9abf-4707-b28d-c16ade6341c6,type03,DVD,3000,imgDVD01.jpg,
edfe4c6c-4193-45e8-991f-52383e42b7e1,2f396bb8-9abf-4707-b28d-c16ade6341c6,type04,ネクタイ,500,imgSample01.jpg,
fa89d82b-6b76-4056-8c08-6dec96e2edbd,2f396bb8-9abf-4707-b28d-c16ade6341c6,type05,マイク,50000,imgSampleObject01.jpg,
07e5e4f2-c982-4eb4-ae60-9167264794e8,daf7fed1-8dbc-4fa7-a708-13ad0b2ff368,type01,Tシャツ,5000,imgTshirt02.jpg,
1cfa1ad9-b093-4135-b4d6-5c7c69c03345,daf7fed1-8dbc-4fa7-a708-13ad0b2ff368,type02,タオル,2000,imgTowel02.jpg,
d0557077-b2f6-4cbb-954d-fc0aac701c70,daf7fed1-8dbc-4fa7-a708-13ad0b2ff368,type03,DVD,3000,imgDVD02.jpg,
9e1bf71e-cff3-4bad-bb67-b8b37d358e60,daf7fed1-8dbc-4fa7-a708-13ad0b2ff368,type04,ネクタイ,500,imgSample02.jpg,
be154ba3-e2fb-49ba-ae72-783c7374f756,daf7fed1-8dbc-4fa7-a708-13ad0b2ff368,type05,マイク,50000,imgSampleObject02.jpg,
25f1cdda-9fc6-44a7-a81d-987606384a1e,bedbb3f5-9ce2-474c-89ec-8a19bc33c41f,type01,Tシャツ,5000,imgTshirt01.jpg,
cebee7cb-5d8a-45ff-97f3-c79ded3840c8,bedbb3f5-9ce2-474c-89ec-8a19bc33c41f,type02,タオル,2000,imgTowel01.jpg,
ce47a240-7a7a-49f2-b4ae-d74010a3e956,bedbb3f5-9ce2-474c-89ec-8a19bc33c41f,type03,DVD,3000,imgDVD01.jpg,
c7fb26a2-2765-41a9-a659-4b390a035bff,bedbb3f5-9ce2-474c-89ec-8a19bc33c41f,type04,ネクタイ,500,imgSample01.jpg,
e67e4c17-d5a2-4367-9da3-c72f3496368f,bedbb3f5-9ce2-474c-89ec-8a19bc33c41f,type05,マイク,50000,imgSampleObject01.jpg,
6769a89c-0ee4-4347-8673-37997343524b,32cb9cb7-5eac-4737-8809-4728b8e21e40,type01,Tシャツ,5000,imgTshirt02.jpg,
43340fa5-1669-4c89-84fa-198b4da591ba,32cb9cb7-5eac-4737-8809-4728b8e21e40,type02,タオル,2000,imgTowel02.jpg,
089d0643-8810-4263-86cf-bb9e4dd8fcde,32cb9cb7-5eac-4737-8809-4728b8e21e40,type03,DVD,3000,imgDVD02.jpg,
d59c9c75-25ed-4848-bccb-375cf358c6e3,32cb9cb7-5eac-4737-8809-4728b8e21e40,type04,ネクタイ,500,imgSample02.jpg,
48b3aac0-30e9-43bf-9e3a-c0fddab521e3,32cb9cb7-5eac-4737-8809-4728b8e21e40,type05,マイク,50000,imgSampleObject02.jpg,
7be740b6-538a-4734-a8bb-f14a7792c584,9eb815db-38d7-4f58-9011-8e23a719c127,type01,Tシャツ,5000,imgTshirt01.jpg,
c9bb2ba1-2b94-4713-b406-3f4565ab8a17,9eb815db-38d7-4f58-9011-8e23a719c127,type02,タオル,2000,imgTowel01.jpg,
d25158d2-1ba0-4013-85a3-653e1cc00533,9eb815db-38d7-4f58-9011-8e23a719c127,type03,DVD,3000,imgDVD01.jpg,
89cd75c0-7dcb-4a9c-a145-f2570ea5bd34,9eb815db-38d7-4f58-9011-8e23a719c127,type04,ネクタイ,500,imgSample01.jpg,
faaffb4f-3f3f-46dd-911c-6e785897c2cf,9eb815db-38d7-4f58-9011-8e23a719c127,type05,マイク,50000,imgSampleObject01.jpg,
e8e5ba9a-28fc-43c7-8545-81c438146584,43b49eb3-fa50-4346-8056-ab4dc119e238,type01,Tシャツ,5000,imgTshirt02.jpg,
87273fab-f9bd-418a-9d4e-a746bf75a3d7,43b49eb3-fa50-4346-8056-ab4dc119e238,type02,タオル,2000,imgTowel02.jpg,
dcf681a8-1d5d-451c-a866-fc7618e2bc5a,43b49eb3-fa50-4346-8056-ab4dc119e238,type03,DVD,3000,imgDVD02.jpg,
531edd76-5e1a-497f-88e2-a8bb775c73b3,43b49eb3-fa50-4346-8056-ab4dc119e238,type04,ネクタイ,500,imgSample02.jpg,
655aff1c-0e2a-4d59-b5b2-b2a2505f5b1f,43b49eb3-fa50-4346-8056-ab4dc119e238,type05,マイク,50000,imgSampleObject02.jpg,
6778a1e8-8c93-4129-8ea6-7251ec7d1a33,75bc7360-df1e-4e8d-8af8-ec91810ebf43,type01,Tシャツ,5000,imgTshirt01.jpg,
4431dee6-7910-42fe-b076-54688c43f165,75bc7360-df1e-4e8d-8af8-ec91810ebf43,type02,タオル,2000,imgTowel01.jpg,
f4ca8a07-6972-4d09-981b-81d24c1cf573,75bc7360-df1e-4e8d-8af8-ec91810ebf43,type03,DVD,3000,imgDVD01.jpg,
58787c70-7e81-44b1-8c96-fda8307cbc42,75bc7360-df1e-4e8d-8af8-ec91810ebf43,type04,ネクタイ,500,imgSample01.jpg,
476e1798-5309-41ec-9cf2-f6887daa420b,75bc7360-df1e-4e8d-8af8-ec91810ebf43,type05,マイク,50000,imgSampleObject01.jpg,
16914c4a-736e-4916-be17-a470db4625b1,72d1dcdf-15ed-4c93-8a69-1b4852ff5fb3,type01,Tシャツ,5000,imgTshirt02.jpg,
22bbe9b6-7d7b-4dde-8eb6-2a9355d0f60c,72d1dcdf-15ed-4c93-8a69-1b4852ff5fb3,type02,タオル,2000,imgTowel02.jpg,
1daee830-b698-448e-9549-dedb52942115,72d1dcdf-15ed-4c93-8a69-1b4852ff5fb3,type03,DVD,3000,imgDVD02.jpg,
a4c116b7-c306-4b3f-a23a-76c8a6da0a0f,72d1dcdf-15ed-4c93-8a69-1b4852ff5fb3,type04,ネクタイ,500,imgSample02.jpg,
55783d6d-d2fc-4534-b5c4-77a13ef040d4,72d1dcdf-15ed-4c93-8a69-1b4852ff5fb3,type05,マイク,50000,imgSampleObject02.jpg,
8af87712-b1e0-4fff-8ee4-47414c0f4a3a,81bd0ca0-442d-4215-ab79-5892339ff509,type01,Tシャツ,5000,imgTshirt01.jpg,
9af75a6a-79bc-4c83-affc-4e27e6046197,81bd0ca0-442d-4215-ab79-5892339ff509,type02,タオル,2000,imgTowel01.jpg,
8009e06b-44cc-42ac-97d1-9fb45ed20566,81bd0ca0-442d-4215-ab79-5892339ff509,type03,DVD,3000,imgDVD01.jpg,
d0f6ccba-cff2-4685-a502-1489c0cec3ca,81bd0ca0-442d-4215-ab79-5892339ff509,type04,ネクタイ,500,imgSample01.jpg,
5f3980f0-c6fd-4fd3-af53-3ba2b14e76df,81bd0ca0-442d-4215-ab79-5892339ff509,type05,マイク,50000,imgSampleObject01.jpg,
cb17c8c0-40b2-4bbf-9a0e-c6d5c9cdee0b,6d91302a-5f29-4958-9e7b-fdcc98301c33,type01,Tシャツ,5000,imgTshirt02.jpg,
ac4d1d73-edb2-4683-9518-6cb496e62a81,6d91302a-5f29-4958-9e7b-fdcc98301c33,type02,タオル,2000,imgTowel02.jpg,
0112c178-2d1b-4ef6-a48f-d276e75d5664,6d91302a-5f29-4958-9e7b-fdcc98301c33,type03,DVD,3000,imgDVD02.jpg,
8acc90e9-a544-49c0-af23-45b6dcf36fde,6d91302a-5f29-4958-9e7b-fdcc98301c33,type04,ネクタイ,500,imgSample02.jpg,
ec306e78-1960-4fd8-b888-04d1c43d9a39,2fdf10c6-518c-4d7f-88cc-9de4fc665cdf,type05,マイク,50000,imgSampleObject02.jpg,
1033cb14-29a5-44d8-a869-00885eca5c4d,2fdf10c6-518c-4d7f-88cc-9de4fc665cdf,type01,Tシャツ,5000,imgTshirt01.jpg,
017419c3-e2e6-48ec-8951-dc4bf04852cb,2fdf10c6-518c-4d7f-88cc-9de4fc665cdf,type02,タオル,2000,imgTowel01.jpg,
324eff86-45c9-4cf4-b549-553d73c34ac0,2fdf10c6-518c-4d7f-88cc-9de4fc665cdf,type03,DVD,3000,imgDVD01.jpg,
5bd5132d-8b84-4b8d-b542-b7ef3e255a48,2fdf10c6-518c-4d7f-88cc-9de4fc665cdf,type04,ネクタイ,500,imgSample01.jpg,
8424ad14-8c53-4130-9d57-c4750d909f39,2fdf10c6-518c-4d7f-88cc-9de4fc665cdf,type05,マイク,50000,imgSampleObject01.jpg,
79059e50-5062-4ae1-be1b-ac8e1995addf,8740b647-d9c5-4ea1-b3b8-540573fc6ff4,type01,Tシャツ,5000,imgTshirt02.jpg,
50405067-bcaa-4a9d-b113-837d26277e6f,8740b647-d9c5-4ea1-b3b8-540573fc6ff4,type02,タオル,2000,imgTowel02.jpg,
3730d8f6-9892-464b-be38-3a3d69583cd9,8740b647-d9c5-4ea1-b3b8-540573fc6ff4,type03,DVD,3000,imgDVD02.jpg,
c8650957-797e-47b6-a302-0d2231995167,8740b647-d9c5-4ea1-b3b8-540573fc6ff4,type04,ネクタイ,500,imgSample02.jpg,
68f21082-48a5-4d02-b2d0-522f6311a8c5,8740b647-d9c5-4ea1-b3b8-540573fc6ff4,type05,マイク,50000,imgSampleObject02.jpg,
7f40efcb-e916-4d4c-ab4d-d96e4fd367a6,a3b82f99-eb77-4acc-a91e-4e02fee2abd1,type01,Tシャツ,5000,imgTshirt01.jpg,
eb650de5-b74b-4ef4-962e-8169db1a207c,a3b82f99-eb77-4acc-a91e-4e02fee2abd1,type02,タオル,2000,imgTowel01.jpg,
69ab0853-786a-4443-9e26-577c9e58d057,a3b82f99-eb77-4acc-a91e-4e02fee2abd1,type03,DVD,3000,imgDVD01.jpg,
5e2ef53b-1d23-4db9-838b-9d5d6326b559,a3b82f99-eb77-4acc-a91e-4e02fee2abd1,type04,ネクタイ,500,imgSample01.jpg,
31d7fa96-e5eb-4b06-9220-b1f705f0b38a,a3b82f99-eb77-4acc-a91e-4e02fee2abd1,type05,マイク,50000,imgSampleObject01.jpg,
8234a680-44d3-4dad-99ac-145a38f9841e,48854867-4298-4331-8bab-dbb7201adce9,type01,Tシャツ,5000,imgTshirt02.jpg,
b806643a-944c-49f5-bd68-53990780a588,48854867-4298-4331-8bab-dbb7201adce9,type02,タオル,2000,imgTowel02.jpg,
58e0dfe8-08c3-4ae6-84d4-c6adaa3ce10d,48854867-4298-4331-8bab-dbb7201adce9,type03,DVD,3000,imgDVD02.jpg,
9d136cc2-17ca-449c-bb0d-ce95497f7e64,48854867-4298-4331-8bab-dbb7201adce9,type04,ネクタイ,500,imgSample02.jpg,
65c5c368-de9f-48e6-be91-792f0ec70f3b,48854867-4298-4331-8bab-dbb7201adce9,type05,マイク,50000,imgSampleObject02.jpg,
0dba91fa-d99c-44d7-9e6d-d46751b06cd9,4141e020-3b55-4dbb-bdbe-d4cf56263280,type01,Tシャツ,5000,imgTshirt01.jpg,
1be6b595-edb0-4bb4-bbf7-bbd5ff856348,4141e020-3b55-4dbb-bdbe-d4cf56263280,type02,タオル,2000,imgTowel01.jpg,
456fd07e-10cb-4623-93ca-342b16425d25,4141e020-3b55-4dbb-bdbe-d4cf56263280,type03,DVD,3000,imgDVD01.jpg,
34dfe9ff-e24e-42ea-b0d4-6c31e5b6506e,4141e020-3b55-4dbb-bdbe-d4cf56263280,type04,ネクタイ,500,imgSample01.jpg,
674fb4b8-2870-4281-842b-6a67267966c0,4141e020-3b55-4dbb-bdbe-d4cf56263280,type05,マイク,50000,imgSampleObject01.jpg,
4e7454de-073b-49d2-9437-f72974fe7fb5,533a9906-bf06-49db-8ec7-d698c45f62fe,type01,Tシャツ,5000,imgTshirt02.jpg,
3806a0c5-0210-4927-97df-60259f8a4485,533a9906-bf06-49db-8ec7-d698c45f62fe,type02,タオル,2000,imgTowel02.jpg,
34699147-8b92-4df5-a5d7-45c015f44057,533a9906-bf06-49db-8ec7-d698c45f62fe,type03,DVD,3000,imgDVD02.jpg,
39609a72-422c-4c09-a1aa-2a7c81d8eaeb,533a9906-bf06-49db-8ec7-d698c45f62fe,type04,ネクタイ,500,imgSample02.jpg,
69414e11-8400-4cfd-96c1-19c37273efb1,533a9906-bf06-49db-8ec7-d698c45f62fe,type05,マイク,50000,imgSampleObject02.jpg,
eb3e605f-e449-4faf-ada4-df1c7eefcfbb,4364ff07-f63f-4f53-964f-7477d7e13159,type01,Tシャツ,5000,imgTshirt01.jpg,
a5064598-9a96-4728-9156-fd59927a135c,4364ff07-f63f-4f53-964f-7477d7e13159,type02,タオル,2000,imgTowel01.jpg,
7b5f99ac-f1aa-4c8e-9e34-b134d806e8f3,4364ff07-f63f-4f53-964f-7477d7e13159,type03,DVD,3000,imgDVD01.jpg,
270bda04-490e-4e9d-abfa-397185e0a357,4364ff07-f63f-4f53-964f-7477d7e13159,type04,ネクタイ,500,imgSample01.jpg,
86cc91ca-8293-4337-bd29-7bae609a5a08,4364ff07-f63f-4f53-964f-7477d7e13159,type05,マイク,50000,imgSampleObject01.jpg,
43abe771-4f1b-49be-8220-634592b28c91,33b9340b-b9f2-45dc-9e11-0787c636d96a,type01,Tシャツ,5000,imgTshirt02.jpg,
a33d52c3-b10f-4327-abbe-92a894653e94,33b9340b-b9f2-45dc-9e11-0787c636d96a,type02,タオル,2000,imgTowel02.jpg,
d22878c5-0d18-43ad-9fef-c115f9798509,33b9340b-b9f2-45dc-9e11-0787c636d96a,type03,DVD,3000,imgDVD02.jpg,
ccb7daaf-4cf0-449c-9303-b3fd421736b0,33b9340b-b9f2-45dc-9e11-0787c636d96a,type04,ネクタイ,500,imgSample02.jpg,
6cf7985c-5c2f-4d73-ae70-88ef0e4eb9de,33b9340b-b9f2-45dc-9e11-0787c636d96a,type05,マイク,50000,imgSampleObject02.jpg,
f95e49a1-55ed-4faa-ab93-583f12ac506f,c8724345-3ba2-47bc-a00c-71c7210dfe7a,type01,Tシャツ,5000,imgTshirt01.jpg,
594e3bc2-8b50-4681-83c7-3310a418ee37,c8724345-3ba2-47bc-a00c-71c7210dfe7a,type02,タオル,2000,imgTowel01.jpg,
904444fe-1850-4338-97e4-56a34a39aa46,c8724345-3ba2-47bc-a00c-71c7210dfe7a,type03,DVD,3000,imgDVD01.jpg,
bb078f19-3e39-46bb-a1ae-ed5871bc88b3,c8724345-3ba2-47bc-a00c-71c7210dfe7a,type04,ネクタイ,500,imgSample01.jpg,
d12d3284-0a31-46de-bc14-51ecbc1f9d72,c8724345-3ba2-47bc-a00c-71c7210dfe7a,type05,マイク,50000,imgSampleObject01.jpg,
75bd96cb-f179-4e6b-9ebc-c3582fcb0f41,45dcd79e-1cb3-4887-8f2d-f3bedf082191,type01,Tシャツ,5000,imgTshirt02.jpg,
f6e99b3a-08b9-425e-97e8-3175102c716d,45dcd79e-1cb3-4887-8f2d-f3bedf082191,type02,タオル,2000,imgTowel02.jpg,
29ff79b5-1a9c-4af2-a6de-3a15ec6d4619,45dcd79e-1cb3-4887-8f2d-f3bedf082191,type03,DVD,3000,imgDVD02.jpg,
7127f150-9b6c-4d66-b13a-a0c3290db313,45dcd79e-1cb3-4887-8f2d-f3bedf082191,type04,ネクタイ,500,imgSample02.jpg,
59444457-1b94-4f7b-8efb-948c149b8990,45dcd79e-1cb3-4887-8f2d-f3bedf082191,type05,マイク,50000,imgSampleObject02.jpg,
6f7ba1f7-6a5c-47c0-b2ac-4b53c666e1ae,4b7a67bc-fce7-4c85-9ffd-50da19aa1544,type01,Tシャツ,5000,imgTshirt01.jpg,
ab6c29a8-20c7-44f5-9863-64d1bafe180b,4b7a67bc-fce7-4c85-9ffd-50da19aa1544,type02,タオル,2000,imgTowel01.jpg,
f8d1b88a-85f9-42ec-ace4-b114dba91161,4b7a67bc-fce7-4c85-9ffd-50da19aa1544,type03,DVD,3000,imgDVD01.jpg,
a0ff1ed6-213b-4ae5-a2d7-00e525188092,4b7a67bc-fce7-4c85-9ffd-50da19aa1544,type04,ネクタイ,500,imgSample01.jpg,
08c965ec-a76a-4fd1-bac0-7eaa94e6616c,4b7a67bc-fce7-4c85-9ffd-50da19aa1544,type05,マイク,50000,imgSampleObject01.jpg,
6c50ef00-222b-44ed-8da2-790ca94c8397,45506820-7090-45f8-9b63-23fe8f9107f2,type01,Tシャツ,5000,imgTshirt02.jpg,
7a863c67-34d6-46b8-aff4-d59f578ffe5a,45506820-7090-45f8-9b63-23fe8f9107f2,type02,タオル,2000,imgTowel02.jpg,
db3e7295-6280-4ba6-9ec8-dc12e9b8047f,45506820-7090-45f8-9b63-23fe8f9107f2,type03,DVD,3000,imgDVD02.jpg,
33d9410c-23fd-4071-a7f7-c36fde6a1ae6,45506820-7090-45f8-9b63-23fe8f9107f2,type04,ネクタイ,500,imgSample02.jpg,
60b41c3c-5f1c-4de2-b345-f0230742d6e5,45506820-7090-45f8-9b63-23fe8f9107f2,type05,マイク,50000,imgSampleObject02.jpg,
7e87d983-26c4-410e-b0f9-99f1cf9cfc45,55ac1117-a15b-49dd-b962-f38991598e6c,type01,Tシャツ,5000,imgTshirt01.jpg,
29d1cd5e-d60a-46ee-afaa-c96620f1d5ee,55ac1117-a15b-49dd-b962-f38991598e6c,type02,タオル,2000,imgTowel01.jpg,
64eb8f2b-6bb8-4209-b0c6-29ca56b50636,55ac1117-a15b-49dd-b962-f38991598e6c,type03,DVD,3000,imgDVD01.jpg,
c0509731-b658-4413-91df-0eaeb0780a27,55ac1117-a15b-49dd-b962-f38991598e6c,type04,ネクタイ,500,imgSample01.jpg,
f179f7c8-8727-420b-ba2d-fe791ec85116,55ac1117-a15b-49dd-b962-f38991598e6c,type05,マイク,50000,imgSampleObject01.jpg,
0c9d655c-6d91-4803-858b-d76f5fd9f865,b3d4a3ff-8dca-40a6-883c-81e7e1f78510,type01,Tシャツ,5000,imgTshirt02.jpg,
60d0cc85-0c49-498c-9c14-2fde7803f1cc,b3d4a3ff-8dca-40a6-883c-81e7e1f78510,type02,タオル,2000,imgTowel02.jpg,
98f61d08-a669-49dc-bdff-748ea1a07a09,b3d4a3ff-8dca-40a6-883c-81e7e1f78510,type03,DVD,3000,imgDVD02.jpg,
0d98f7c6-a284-4533-97f8-b48a6823605c,b3d4a3ff-8dca-40a6-883c-81e7e1f78510,type04,ネクタイ,500,imgSample02.jpg,
9d411d94-d8b9-4066-88a0-12c06f7a5263,b3d4a3ff-8dca-40a6-883c-81e7e1f78510,type05,マイク,50000,imgSampleObject02.jpg,
7357d620-851a-4fca-9867-22838b86779c,a2c84950-c899-4f4d-ae97-6826a2e9e011,type01,Tシャツ,5000,imgTshirt01.jpg,
8b318e22-7523-421e-8674-403c2b9ae983,a2c84950-c899-4f4d-ae97-6826a2e9e011,type02,タオル,2000,imgTowel01.jpg,
775e6daf-5d88-4bb4-88ce-30faa5de5f67,a2c84950-c899-4f4d-ae97-6826a2e9e011,type03,DVD,3000,imgDVD01.jpg,
7af93ab2-021b-43c1-a218-7a1dbe3f1f01,a2c84950-c899-4f4d-ae97-6826a2e9e011,type04,ネクタイ,500,imgSample01.jpg,
f79b1d24-b8f4-4e74-965f-56108955d39e,a2c84950-c899-4f4d-ae97-6826a2e9e011,type05,マイク,50000,imgSampleObject01.jpg,
b1958d6e-03e8-4056-9d22-4ed40706eed0,2ce567d3-f46b-4798-a23e-e142753ce00d,type01,Tシャツ,5000,imgTshirt02.jpg,
5187b622-7657-4769-b077-509dadd0ffcf,2ce567d3-f46b-4798-a23e-e142753ce00d,type02,タオル,2000,imgTowel02.jpg,
d45af3cf-2c28-495c-8c59-99db85e20abe,2ce567d3-f46b-4798-a23e-e142753ce00d,type03,DVD,3000,imgDVD02.jpg,
c29abdf9-6503-46f5-826a-f0afc39f1d40,2ce567d3-f46b-4798-a23e-e142753ce00d,type04,ネクタイ,500,imgSample02.jpg,
1656a7a1-1c37-4ae8-8e4c-e65959104b8e,2ce567d3-f46b-4798-a23e-e142753ce00d,type05,マイク,50000,imgSampleObject02.jpg,
558e9903-294d-443d-8aa2-03b0d42dd2c4,1eba613d-a709-40e3-971d-a14cb1a287ec,type01,Tシャツ,5000,imgTshirt01.jpg,
9a020020-57a2-4b46-b277-bab5c016e074,1eba613d-a709-40e3-971d-a14cb1a287ec,type02,タオル,2000,imgTowel01.jpg,
244686ad-6289-4f32-bcc0-03d6c1eaa119,1eba613d-a709-40e3-971d-a14cb1a287ec,type03,DVD,3000,imgDVD01.jpg,
e3c3df29-9e72-426c-88e3-686199962675,1eba613d-a709-40e3-971d-a14cb1a287ec,type04,ネクタイ,500,imgSample01.jpg,
95ae5069-ab65-420d-9a2b-0850a9aa745f,1eba613d-a709-40e3-971d-a14cb1a287ec,type05,マイク,50000,imgSampleObject01.jpg,
6c6f2b5e-9b4e-4331-bae4-e1893df67bc7,92ae84e0-dfcc-45cb-a817-0655bd73510e,type01,Tシャツ,5000,imgTshirt02.jpg,
cc32fdf4-1aa9-4c39-961c-f7680312848a,92ae84e0-dfcc-45cb-a817-0655bd73510e,type02,タオル,2000,imgTowel02.jpg,
4a9390d6-b0ec-4120-9763-ee2c890cd3a1,92ae84e0-dfcc-45cb-a817-0655bd73510e,type03,DVD,3000,imgDVD02.jpg,
8ba7072a-52ca-4778-b44e-3bb9f43acd56,92ae84e0-dfcc-45cb-a817-0655bd73510e,type04,ネクタイ,500,imgSample02.jpg,
9b789b03-3c6d-4c37-b8bc-70a55f5cea4f,92ae84e0-dfcc-45cb-a817-0655bd73510e,type05,マイク,50000,imgSampleObject02.jpg,
b6633a6c-474c-486d-949b-13c8e6ab712a,728900b9-7378-4649-9d42-1c091dea4f93,type01,Tシャツ,5000,imgTshirt01.jpg,
d619e146-b61c-42b2-a802-ec8cfec9237e,728900b9-7378-4649-9d42-1c091dea4f93,type02,タオル,2000,imgTowel01.jpg,
593740ab-9472-4353-a3fa-710cac5d97f4,728900b9-7378-4649-9d42-1c091dea4f93,type03,DVD,3000,imgDVD01.jpg,
f862fab8-45c7-4a63-8885-2e755067fb42,728900b9-7378-4649-9d42-1c091dea4f93,type04,ネクタイ,500,imgSample01.jpg,
d61248de-ac81-4524-92e6-a38ffd744ed6,728900b9-7378-4649-9d42-1c091dea4f93,type05,マイク,50000,imgSampleObject01.jpg,
c1e991c0-2a08-4b85-a959-a3d1536630cd,117fb894-8440-4d3d-9728-985e0809acaa,type01,Tシャツ,5000,imgTshirt02.jpg,
b75e39a3-f2bc-44ab-8c5a-6448ce82cbce,117fb894-8440-4d3d-9728-985e0809acaa,type02,タオル,2000,imgTowel02.jpg,
96560a93-87fc-4a66-97cc-f1f3f97cff3e,117fb894-8440-4d3d-9728-985e0809acaa,type03,DVD,3000,imgDVD02.jpg,
6722a3f5-8ec6-42a2-b614-571a707af407,117fb894-8440-4d3d-9728-985e0809acaa,type04,ネクタイ,500,imgSample02.jpg,
a0278d29-2ae7-430e-9120-56eea919697c,117fb894-8440-4d3d-9728-985e0809acaa,type05,マイク,50000,imgSampleObject02.jpg,
3592513a-274a-4dc5-9d6c-75dcde27aec4,1eef8188-71ac-44dc-b9c0-5744a7207aac,type01,Tシャツ,5000,imgTshirt01.jpg,
126b1f6d-e442-466d-86a2-8a3986761aba,1eef8188-71ac-44dc-b9c0-5744a7207aac,type02,タオル,2000,imgTowel01.jpg,
c3c40656-f08e-494b-bf43-90a20e6667ba,1eef8188-71ac-44dc-b9c0-5744a7207aac,type03,DVD,3000,imgDVD01.jpg,
d891f7c6-fb5b-44f5-b618-f6369bf1a864,1eef8188-71ac-44dc-b9c0-5744a7207aac,type04,ネクタイ,500,imgSample01.jpg,
17e9d064-e6a6-46f4-a91d-c1bd7284961e,1eef8188-71ac-44dc-b9c0-5744a7207aac,type05,マイク,50000,imgSampleObject01.jpg,
e38c969c-7ee1-4dbb-8054-2fb5a078fdbe,3b1b0582-dc98-4afc-95f1-2569a0309846,type01,Tシャツ,5000,imgTshirt02.jpg,
c097e555-a198-469e-a391-bfd003332a23,3b1b0582-dc98-4afc-95f1-2569a0309846,type02,タオル,2000,imgTowel02.jpg,
eca22993-0bbf-4372-aa6f-cf6cda9f6f79,3b1b0582-dc98-4afc-95f1-2569a0309846,type03,DVD,3000,imgDVD02.jpg,
65ebc847-6ed3-44ab-a68c-3416e957a492,3b1b0582-dc98-4afc-95f1-2569a0309846,type04,ネクタイ,500,imgSample02.jpg,
ed1e470a-95e7-48cc-bdfd-495f03d9e2a0,3b1b0582-dc98-4afc-95f1-2569a0309846,type05,マイク,50000,imgSampleObject02.jpg,
d7e1a552-0aa7-480b-9cae-80493a75054b,0912c314-9588-46e0-99b1-037087522274,type01,Tシャツ,5000,imgTshirt01.jpg,
5486b6c5-64ea-4732-ba39-16af12ca826c,0912c314-9588-46e0-99b1-037087522274,type02,タオル,2000,imgTowel01.jpg,
ec48ffd0-42b7-4498-8b93-8c43cda41c6a,0912c314-9588-46e0-99b1-037087522274,type03,DVD,3000,imgDVD01.jpg,
86960d87-fab2-4573-9a16-213afaa41e07,0912c314-9588-46e0-99b1-037087522274,type04,ネクタイ,500,imgSample01.jpg,
cc1769f2-8456-4012-a1ad-835c39fb8477,0912c314-9588-46e0-99b1-037087522274,type05,マイク,50000,imgSampleObject01.jpg,
a17aca02-7be3-4aa9-bfbc-768c41de1862,aec7f1ff-ec53-4954-9c23-e2ea89867845,type01,Tシャツ,5000,imgTshirt02.jpg,
6fe1e409-bbad-481f-8108-90056fb9ceab,aec7f1ff-ec53-4954-9c23-e2ea89867845,type02,タオル,2000,imgTowel02.jpg,
5ecba498-1894-4b0f-a448-f0e17fc4f3e8,aec7f1ff-ec53-4954-9c23-e2ea89867845,type03,DVD,3000,imgDVD02.jpg,
537fb16a-1174-49dc-ab2c-977e101aa0ad,aec7f1ff-ec53-4954-9c23-e2ea89867845,type04,ネクタイ,500,imgSample02.jpg,
3762edaf-4e12-44a0-bd6c-274a696b331f,aec7f1ff-ec53-4954-9c23-e2ea89867845,type05,マイク,50000,imgSampleObject02.jpg,
bef4e8a0-c108-485b-95f2-955d0e0c8d84,53948ed5-6b6f-4402-95f4-95ce2bd776aa,type01,Tシャツ,5000,imgTshirt01.jpg,
d20074d0-e7c0-467b-b362-11fce0478ec5,53948ed5-6b6f-4402-95f4-95ce2bd776aa,type02,タオル,2000,imgTowel01.jpg,
0c11ebbd-9d82-4eab-be2d-519d7bbff09a,53948ed5-6b6f-4402-95f4-95ce2bd776aa,type03,DVD,3000,imgDVD01.jpg,
e4157f94-9cfe-4888-a1e1-baee93bbb1f2,53948ed5-6b6f-4402-95f4-95ce2bd776aa,type04,ネクタイ,500,imgSample01.jpg,
1b18e77c-6ca0-4fcc-8dcc-c98758c747ee,53948ed5-6b6f-4402-95f4-95ce2bd776aa,type05,マイク,50000,imgSampleObject01.jpg,
d95d4a38-e553-426a-a2e9-f82a891d1b29,ffccaa4e-7ec5-4582-ab29-16844c12b0e2,type01,Tシャツ,5000,imgTshirt02.jpg,
907e070f-be10-405a-a2f1-ee584b4e017e,ffccaa4e-7ec5-4582-ab29-16844c12b0e2,type02,タオル,2000,imgTowel02.jpg,
24591bea-eee1-401c-b5ae-f61d8c8a7ccf,ffccaa4e-7ec5-4582-ab29-16844c12b0e2,type03,DVD,3000,imgDVD02.jpg,
89d9d687-05db-47d8-a0a4-585c8fbc310c,ffccaa4e-7ec5-4582-ab29-16844c12b0e2,type04,ネクタイ,500,imgSample02.jpg,
026de545-d465-4e0b-a934-580f2f37c7bd,ffccaa4e-7ec5-4582-ab29-16844c12b0e2,type05,マイク,50000,imgSampleObject02.jpg,
50c41c8b-e555-4a00-a1d7-f50566c3058f,23305637-3cac-4266-86bf-9b63a03a91e4,type01,Tシャツ,5000,imgTshirt01.jpg,
d57815e8-d4fb-4047-82f7-4c4b44c05177,23305637-3cac-4266-86bf-9b63a03a91e4,type02,タオル,2000,imgTowel01.jpg,
2c5721e5-4c18-4c28-aef7-2d2d251d15cc,23305637-3cac-4266-86bf-9b63a03a91e4,type03,DVD,3000,imgDVD01.jpg,
6fbd260f-1a5b-402a-8de2-fe5b7be52288,23305637-3cac-4266-86bf-9b63a03a91e4,type04,ネクタイ,500,imgSample01.jpg,
1a04417b-ecca-4c63-a78c-d657dc523a45,23305637-3cac-4266-86bf-9b63a03a91e4,type05,マイク,50000,imgSampleObject01.jpg,
8f08d877-8a2a-404f-becc-a67489aebd2e,5b91b2ef-2311-4791-a88e-832a4ae6a8fd,type01,Tシャツ,5000,imgTshirt02.jpg,
452d80e6-b9f1-47d2-96ab-17a978cfd230,5b91b2ef-2311-4791-a88e-832a4ae6a8fd,type02,タオル,2000,imgTowel02.jpg,
918ab189-40ca-4c3f-a3e1-f2ddecbdf650,5b91b2ef-2311-4791-a88e-832a4ae6a8fd,type03,DVD,3000,imgDVD02.jpg,
9b7fd78c-1628-4f6a-88b4-3aad0d6121c5,5b91b2ef-2311-4791-a88e-832a4ae6a8fd,type04,ネクタイ,500,imgSample02.jpg,
93d59d8e-62f3-45d3-8809-589d0d9945b1,5b91b2ef-2311-4791-a88e-832a4ae6a8fd,type05,マイク,50000,imgSampleObject02.jpg,
bb898a5f-0009-4202-9cfc-28feb655664c,2663d8aa-5fc6-4249-aeea-41fa347abbab,type01,Tシャツ,5000,imgTshirt01.jpg,
6e1713a2-7c37-48de-9fb9-25ee41518117,2663d8aa-5fc6-4249-aeea-41fa347abbab,type02,タオル,2000,imgTowel01.jpg,
bbcee61c-bc82-460b-bb02-06d4896e7e2f,2663d8aa-5fc6-4249-aeea-41fa347abbab,type03,DVD,3000,imgDVD01.jpg,
a8749009-7a1d-4789-88c3-ac4fdd95963a,2663d8aa-5fc6-4249-aeea-41fa347abbab,type04,ネクタイ,500,imgSample01.jpg,
81630e3a-0527-419e-9cce-99d8fb36176d,2663d8aa-5fc6-4249-aeea-41fa347abbab,type05,マイク,50000,imgSampleObject01.jpg,
d5ad0aed-a325-4dc2-8eb6-588979088df4,a7ba9ec2-791d-40a6-ba47-343b947a3737,type01,Tシャツ,5000,imgTshirt02.jpg,
b13c6c4e-67c0-4849-b7d5-ee8606fdc524,a7ba9ec2-791d-40a6-ba47-343b947a3737,type02,タオル,2000,imgTowel02.jpg,
8381a561-21f9-41ca-a945-ae924768dd7c,a7ba9ec2-791d-40a6-ba47-343b947a3737,type03,DVD,3000,imgDVD02.jpg,
9661af04-14a3-4f23-a49d-b826cc94e436,a7ba9ec2-791d-40a6-ba47-343b947a3737,type04,ネクタイ,500,imgSample02.jpg,
e8c1d26b-fcef-4b12-bd9a-23a10c74f1ae,a7ba9ec2-791d-40a6-ba47-343b947a3737,type05,マイク,50000,imgSampleObject02.jpg,
91364f24-3989-43f0-8bfd-e910442f3705,0d067539-2591-46c7-90ec-8c75f5edc402,type01,Tシャツ,5000,imgTshirt01.jpg,
d697dde5-3fd1-4d53-9e86-9e07b5683e15,0d067539-2591-46c7-90ec-8c75f5edc402,type02,タオル,2000,imgTowel01.jpg,
23968db3-95ad-4f38-973e-e750dd653f79,0d067539-2591-46c7-90ec-8c75f5edc402,type03,DVD,3000,imgDVD01.jpg,
224fd715-00a3-4a6e-9e6f-ed45792d0791,0d067539-2591-46c7-90ec-8c75f5edc402,type04,ネクタイ,500,imgSample01.jpg,
37aa9b9d-3310-468e-a8fc-f25bd6b1b2c7,0d067539-2591-46c7-90ec-8c75f5edc402,type05,マイク,50000,imgSampleObject01.jpg,